{"type":"FeatureCollection","features":[{"type":"Feature","id":"iho.40","geometry":{"type":"MultiPolygon","coordinates":[[[[17.09170961,40.52055621],[17.15442944,40.50885105],[17.15860713,40.50348115],[17.14462292,40.49437427],[17.1630547,40.50466895],[17.15501034,40.49613845],[17.16844857,40.50146723],[17.17380357,40.4923315],[17.18023312,40.49536645],[17.17928767,40.47849286],[17.19432342,40.47149134],[17.19888473,40.47879457],[17.22146273,40.47519386],[17.25511062,40.50086415],[17.26726341,40.49717593],[17.27042985,40.47906876],[17.29559171,40.49953115],[17.32237935,40.49664986],[17.32410824,40.47980285],[17.29931247,40.46845853],[17.22637367,40.47944725],[17.24828124,40.46029305],[17.25502563,40.44164574],[17.2446413,40.44073355],[17.23298156,40.42485535],[17.20916855,40.42204285],[17.20264566,40.40814853],[17.22435176,40.40834165],[17.27973115,40.37853873],[17.29805362,40.37965405],[17.31131995,40.36541557],[17.38034213,40.34638596],[17.39475846,40.33204162],[17.44778216,40.32814646],[17.45910203,40.31639695],[17.49357462,40.31051767],[17.5055027,40.29482818],[17.73509872,40.30395317],[17.74211836,40.29415238],[17.8671,40.2824409],[17.88967562,40.25317383],[17.89644945,40.25923562],[17.90775633,40.25188374],[17.9097743,40.24172425],[17.89561713,40.24944174],[17.92581475,40.21942067],[17.92002952,40.21888685],[17.91774583,40.19988132],[17.92535651,40.18338847],[17.96337545,40.14742684],[17.98758805,40.14022636],[18.00989902,40.10915267],[18.01209462,40.08886743],[18.00179732,40.06783044],[17.97159803,40.05419946],[18.00347412,40.04740453],[18.01628804,40.03481364],[18.01616955,40.00492036],[18.00719643,39.99530268],[17.99319291,39.99993658],[18.01219964,39.97003055],[18.0240432,39.96419847],[18.04640937,39.92903662],[18.07720256,39.90632272],[18.2056241,39.83665526],[18.27055323,39.83377504],[18.32707036,39.80685842],[18.34536135,39.78969574],[18.37603838,39.79923894],[19.64073706,39.74988365],[19.65547991,39.73369217],[19.65311027,39.71015203],[19.66537344,39.72212744],[19.68224561,39.71374476],[19.67334545,39.67950296],[19.70116305,39.66828156],[19.72831726,39.67359865],[19.72060096,39.65413916],[19.73644412,39.64436877],[19.74065006,39.62423134],[19.77701497,39.61118758],[19.77503562,39.60075903],[19.81081927,39.59020221],[19.83023012,39.57326615],[19.85011196,39.54544318],[19.84208822,39.52951395],[19.86766791,39.45661676],[19.90980244,39.43032706],[19.96812975,39.42083311],[19.99876571,39.39866447],[20.11168075,39.35992682],[20.12262201,39.37918913],[20.09952927,39.40415013],[20.07139826,39.46068132],[20.05673516,39.44394231],[20.01943135,39.43346727],[19.99823415,39.45846653],[19.93716311,39.47295451],[19.91280961,39.54869115],[19.91533411,39.58686304],[19.90135455,39.59914434],[19.90671515,39.60681915],[19.9160428,39.58954465],[19.92779851,39.59546745],[19.92906046,39.61038315],[19.92086625,39.61424315],[19.93292654,39.62467051],[19.86923373,39.63816881],[19.85892642,39.65521646],[19.85110664,39.64637673],[19.84194577,39.65910494],[19.86252844,39.66482305],[19.84056747,39.67729163],[19.84812021,39.68708098],[19.83840597,39.69664407],[19.84447515,39.70644581],[19.93008864,39.73374534],[19.93547177,39.74378324],[19.99800646,39.74082768],[19.98086905,39.70614076],[19.98468602,39.68752754],[19.99735308,39.69141865],[19.99982131,39.68549836],[20.00822175,39.69391155],[20.01863074,39.69121206],[20.02021277,39.68547821],[20.01308906,39.68690026],[20.02359867,39.67776155],[20.06034911,39.68280935],[20.06530821,39.67300117],[20.10091054,39.66197097],[20.08684933,39.66256106],[20.10133195,39.65027082],[20.11341155,39.65942657],[20.13993013,39.63730955],[20.16324997,39.63768995],[20.18669331,39.62428641],[20.18658912,39.60726476],[20.17184043,39.59388375],[20.14206314,39.59152615],[20.15439904,39.57801223],[20.17282104,39.58177161],[20.16348195,39.55531788],[20.14865851,39.54884505],[20.13742244,39.52892697],[20.15680981,39.52807462],[20.1627959,39.53361702],[20.1509521,39.53059495],[20.16664374,39.53613615],[20.20029855,39.51943314],[20.15585375,39.52272797],[20.17356944,39.51238096],[20.1914767,39.51866472],[20.22325635,39.50505245],[20.22596633,39.51643837],[20.23446345,39.51896381],[20.26100993,39.50867081],[20.25708735,39.48413324],[20.22690153,39.49695051],[20.21251631,39.49136066],[20.2356745,39.47069395],[20.2750442,39.45346487],[20.27379406,39.44561112],[20.22837484,39.44237065],[20.20653272,39.44914484],[20.23904467,39.40803695],[20.23082638,39.40113986],[20.24758112,39.39374804],[20.25684285,39.39782596],[20.28146625,39.37854207],[20.27436864,39.36590874],[20.28761053,39.35729086],[20.28082311,39.35001016],[20.28797817,39.32382655],[20.3349601,39.29373336],[20.34039521,39.28317225],[20.38735092,39.27712846],[20.39611006,39.2850306],[20.41943014,39.27344465],[20.43409216,39.27359211],[20.43867743,39.28172398],[20.46167338,39.26898515],[20.46690285,39.2791779],[20.47815526,39.27497196],[20.47041297,39.26371264],[20.47246075,39.24071956],[20.47954714,39.23821664],[20.47370243,39.21960557],[20.53155124,39.18942845],[20.60480666,39.11507583],[20.63774645,39.09328282],[20.65942097,39.08929491],[20.70028067,39.05483842],[20.71562791,39.01604235],[20.71100545,39.00296831],[20.69934261,38.99763286],[20.72665966,38.94952536],[20.74418497,38.94462192],[20.75738788,38.95042038],[20.75212014,38.97384405],[20.75812256,38.98209226],[20.75780821,38.97195268],[20.78593957,38.97176051],[20.82014883,38.95430481],[20.83131385,38.95979881],[20.82826054,38.96972823],[20.80914998,38.97360694],[20.75536191,39.00603294],[20.7609086,39.03387368],[20.79742944,39.0610491],[20.81750417,39.05791593],[20.83071315,39.03425443],[20.89799285,39.0306735],[20.92257714,39.00396895],[20.92562616,39.00887477],[20.92119014,39.00508988],[20.91777074,39.01196945],[20.95998383,39.03655136],[20.9724493,39.03116333],[20.97049534,39.02137184],[20.97948241,39.02432215],[20.97657526,39.01611936],[21.00231147,39.01409852],[20.98691595,39.00681818],[20.96991825,39.02029216],[20.98581672,39.00653362],[21.01043534,39.01227593],[21.00241745,39.01892793],[21.01014006,39.02062047],[21.02077484,39.01242363],[21.01222575,39.01131642],[21.03842533,39.00373244],[21.02087855,39.01013994],[21.03491271,39.02137935],[21.07097113,39.00811172],[21.07494354,39.01164258],[21.04583394,39.01831686],[21.07617235,39.01328564],[21.04536974,39.02274001],[21.06169736,39.03308725],[21.05819798,39.03984666],[21.04793513,39.03676856],[21.05082512,39.04928374],[21.0610491,39.04889441],[21.07595944,39.02319336],[21.07899058,39.04441965],[21.07288396,39.04590011],[21.08727527,39.05415845],[21.11035776,39.04574072],[21.13933671,39.01409364],[21.15422547,38.98137164],[21.14149153,38.96145415],[21.13930357,38.92260325],[21.16614854,38.90522015],[21.17385328,38.86653912],[21.16163623,38.8692466],[21.15025795,38.89333403],[21.11429214,38.90394557],[21.11400437,38.91305745],[21.09890532,38.9131695],[21.08695495,38.90198112],[21.09121752,38.87753904],[21.07939434,38.87552953],[21.07927966,38.86339045],[21.06498337,38.87771905],[21.01969314,38.8971529],[21.03068507,38.9103142],[21.02487516,38.92862332],[20.99556553,38.92043996],[21.00309324,38.91461945],[20.99158013,38.91578805],[20.99299431,38.93012667],[20.97900343,38.94484234],[20.94375384,38.93260884],[20.91957176,38.94823825],[20.9229573,38.93849528],[20.90753734,38.92247772],[20.88761985,38.92109466],[20.86423636,38.93363273],[20.87516534,38.93615365],[20.86308217,38.95725083],[20.85984313,38.93975377],[20.84563744,38.93804634],[20.84893465,38.92982793],[20.8392812,38.92069244],[20.80087614,38.91859603],[20.78522754,38.92650366],[20.76509917,38.95752621],[20.75908363,38.9315201],[20.76425636,38.92844594],[20.74795675,38.92399442],[20.75393033,38.90556204],[20.78339314,38.87253773],[20.78496814,38.87807262],[20.80102324,38.86815703],[20.73938513,38.85245073],[20.73162305,38.84297311],[20.74179244,38.83554065],[20.73169625,38.82892704],[20.73567021,38.82289755],[20.72794366,38.81341875],[20.72957206,38.79310477],[20.74990475,38.78922153],[20.76295602,38.75657201],[20.77308094,38.75397563],[20.80179644,38.76689124],[20.80552685,38.75958347],[20.84847033,38.79452503],[20.87355077,38.79326725],[20.89399326,38.73334754],[20.89353216,38.70903981],[20.91447806,38.67306435],[20.93422222,38.67693901],[20.94476175,38.66579413],[20.96387911,38.67299104],[20.98829114,38.66898513],[20.98920965,38.64515805],[21.02127182,38.60755503],[21.01076567,38.54498744],[21.01566684,38.54343843],[21.00858915,38.53365552],[21.02149355,38.52497125],[21.02722836,38.50240731],[21.04361522,38.50219536],[21.07655931,38.53041101],[21.09478402,38.5326637],[21.08362615,38.49285734],[21.09817004,38.48811066],[21.07302988,38.48336518],[21.08374953,38.48497701],[21.08375537,38.47246492],[21.10429442,38.47716594],[21.09182775,38.46626103],[21.11772728,38.43831551],[21.12145877,38.42587936],[21.11413681,38.41929615],[21.15502906,38.41289973],[21.14933383,38.40666986],[21.12366402,38.41544032],[21.12097335,38.39632988],[21.13060606,38.39893365],[21.12527251,38.38494635],[21.10445344,38.36916304],[21.09891343,38.37196016],[21.10364521,38.38528264],[21.09733427,38.38322484],[21.08966446,38.36557615],[21.09897316,38.36851895],[21.10757422,38.35892892],[21.10126698,38.33501935],[21.10902524,38.34983861],[21.10659814,38.33629286],[21.13277185,38.33471704],[21.13263965,38.32164574],[21.15062487,38.30058563],[21.20532143,38.30573297],[21.23466563,38.29862106],[21.27826273,38.31075001],[21.30533791,38.30277193],[21.31868255,38.30974162],[21.27815855,38.31188321],[21.24473095,38.30328166],[21.21220624,38.31341887],[21.26229787,38.3360008],[21.26771235,38.34949577],[21.26943517,38.33860648],[21.28931487,38.33933675],[21.27940571,38.34450078],[21.28596675,38.34532785],[21.28162396,38.3500061],[21.27049005,38.35086918],[21.28487825,38.35561264],[21.26887834,38.36114848],[21.29033208,38.35910106],[21.29143286,38.37321627],[21.34206545,38.38506401],[21.33621871,38.40160131],[21.34619951,38.42077827],[21.33837962,38.42970324],[21.34699202,38.42451465],[21.34862816,38.43553722],[21.30074251,38.48184991],[21.31817627,38.49891353],[21.36378658,38.44740462],[21.35959876,38.43760192],[21.3656491,38.42703652],[21.35810912,38.41197884],[21.35116482,38.42019165],[21.34954965,38.41280687],[21.36454391,38.40530467],[21.37404025,38.41601563],[21.42121851,38.38181484],[21.42113566,38.36839676],[21.41142404,38.36708045],[21.41607106,38.34603858],[21.41063857,38.32751524],[21.41700327,38.33204114],[21.41852617,38.36219871],[21.46647048,38.36682725],[21.46666765,38.35258901],[21.48358548,38.35309207],[21.47199845,38.34187686],[21.48549795,38.32484174],[21.48631585,38.30330181],[21.44559336,38.32688415],[21.45533335,38.33561313],[21.44190586,38.32701516],[21.42238307,38.32542574],[21.41873968,38.33117068],[21.41721535,38.32591915],[21.44940925,38.32175601],[21.48043776,38.29913867],[21.50512505,38.30093443],[21.50450993,38.29322886],[21.4967314,38.29656816],[21.50365734,38.29050863],[21.52805173,38.3132174],[21.57828248,38.32825875],[21.58833385,38.34368265],[21.61951435,38.34208524],[21.63899291,38.35719013],[21.67781484,38.34550464],[21.71507883,38.34708405],[21.76608515,38.32704437],[21.78707612,38.37416291],[21.81942701,38.3809731],[21.83230186,38.39248514],[21.85076904,38.37532175],[21.8834244,38.36805642],[21.91231513,38.3824352],[21.93511534,38.40682006],[21.99431646,38.39871931],[22.00418067,38.38941383],[22.05127251,38.39458525],[22.0651468,38.38083684],[22.10193253,38.36674654],[22.12712324,38.36586726],[22.14318144,38.34421253],[22.15787983,38.34866703],[22.18362915,38.3203125],[22.19469035,38.33825457],[22.22964692,38.35942364],[22.24238944,38.35137606],[22.24956834,38.36209726],[22.28536582,38.33810174],[22.29248798,38.33825326],[22.29799414,38.35530233],[22.32402837,38.34361494],[22.35844922,38.34833825],[22.35682595,38.33733153],[22.37774563,38.33230722],[22.39545715,38.34786177],[22.37945271,38.34791255],[22.38380206,38.36372471],[22.40271687,38.36366796],[22.39615405,38.37949264],[22.38749838,38.37512231],[22.37314177,38.39124394],[22.39497125,38.41091216],[22.41668415,38.41187096],[22.39875495,38.43197584],[22.40385985,38.44935215],[22.41768885,38.44475615],[22.41918635,38.43131101],[22.45567763,38.42660844],[22.503636,38.3815943],[22.51321161,38.35917711],[22.53728044,38.34386873],[22.53839087,38.33496094],[22.51820946,38.32877505],[22.53764153,38.31351662],[22.55146921,38.28166986],[22.58369601,38.27836263],[22.57856751,38.28698504],[22.58830833,38.28712165],[22.58868647,38.30470908],[22.60814702,38.31653845],[22.58643734,38.32525694],[22.59456897,38.35241365],[22.60196483,38.34953296],[22.60231054,38.35803843],[22.62078655,38.36350751],[22.62326503,38.35277653],[22.63643575,38.34880304],[22.6480695,38.36621702],[22.62801015,38.37402296],[22.65900815,38.38553095],[22.68490064,38.36462176],[22.68927825,38.34857655],[22.67346466,38.34416056],[22.68092275,38.34331524],[22.67974627,38.33308733],[22.69321871,38.31673014],[22.75041544,38.29665685],[22.75376177,38.28623188],[22.79710257,38.27577972],[22.79771495,38.26867604],[22.7835654,38.26487994],[22.78632665,38.25599945],[22.77560842,38.25808525],[22.76224244,38.24546015],[22.77830553,38.23270094],[22.83270276,38.22413695],[22.86443198,38.23229825],[22.88154435,38.22190547],[22.89182663,38.23630226],[22.90592694,38.18265092],[22.91330075,38.19496155],[22.94000041,38.1828469],[22.96767604,38.18866336],[22.96033573,38.20158505],[22.9441123,38.20809197],[22.92162168,38.19899595],[22.92507875,38.21716154],[22.93841517,38.21482313],[22.95184398,38.22293651],[22.95679653,38.21051633],[23.02347934,38.21386576],[23.02746975,38.20512164],[23.05130577,38.1951704],[23.02842963,38.17917216],[23.05876207,38.17799175],[23.06801832,38.16988444],[23.11200511,38.20696163],[23.1426897,38.18260515],[23.12396336,38.16364026],[23.16322136,38.16756094],[23.22179222,38.15614307],[23.22352946,38.14522481],[23.17485332,38.1426028],[23.17896736,38.12580121],[23.20526183,38.12551451],[23.21711397,38.11611533],[23.21546185,38.0994904],[23.14304388,38.06545305],[23.05781293,38.05220962],[23.02896702,38.06236696],[23.02455485,38.05443788],[23.00189388,38.06086063],[22.98971045,38.07382727],[22.95680916,38.07963777],[22.93870795,38.07434165],[22.93887365,38.06630242],[22.91960001,38.06708455],[22.90743566,38.05380964],[22.88492763,38.05317056],[22.84873891,38.02808392],[22.91255546,38.01609194],[22.97646618,37.97639346],[22.95017016,37.94301975],[22.87261391,37.93321764],[22.79641843,37.96734536],[22.77069855,38.00102711],[22.72537494,38.03594124],[22.66121078,38.06132925],[22.6392405,38.07812285],[22.54572368,38.10466754],[22.49174142,38.13594282],[22.45030105,38.13006914],[22.38971055,38.13613057],[22.35193884,38.15153956],[22.33515012,38.17689765],[22.26840627,38.17116594],[22.23943734,38.18147147],[22.21653461,38.17994678],[22.19723201,38.20113134],[22.17519987,38.20091712],[22.1484375,38.21875],[22.14929676,38.22817385],[22.13172436,38.24924576],[22.10914195,38.2657994],[22.07743204,38.25426567],[22.06638706,38.27139544],[22.02713954,38.28529322],[22.01845014,38.31007922],[21.9862349,38.31208026],[21.94796836,38.32832086],[21.87825096,38.32535315],[21.87241364,38.33479846],[21.84925675,38.3391726],[21.82512546,38.31663525],[21.77971423,38.31325114],[21.76152146,38.28741467],[21.74520373,38.281057],[21.71559513,38.21245217],[21.67982316,38.18622673],[21.67173076,38.16801167],[21.60627305,38.1432116],[21.54639578,38.15872204],[21.53308725,38.15463412],[21.45214045,38.19848525],[21.41010678,38.19088495],[21.39154494,38.21559608],[21.37208188,38.21671975],[21.37484312,38.19825125],[21.36383975,38.18051386],[21.36748695,38.12526464],[21.35539424,38.1037451],[21.34176624,38.09875965],[21.33042991,38.06600511],[21.29969192,38.02068222],[21.30743825,38.00317645],[21.27763796,37.99193323],[21.28504515,38.00829375],[21.25575852,37.96854842],[21.23441625,37.96230602],[21.19420517,37.93194294],[21.16486883,37.92665541],[21.13923287,37.94301403],[21.12628317,37.93721497],[21.10542774,37.84833622],[21.14460456,37.83010745],[21.22771597,37.81012845],[21.29730344,37.76600623],[21.32029486,37.70284283],[21.3012681,37.67883945],[21.30747128,37.67598367],[21.30123615,37.66827035],[21.3100419,37.66448104],[21.30272126,37.64535487],[21.30936027,37.63273013],[21.32524896,37.66084266],[21.37107635,37.66008484],[21.52333915,37.57485962],[21.56824625,37.54037356],[21.62014747,37.48461997],[21.66499305,37.41206825],[21.69637167,37.33482063],[21.69352782,37.29322517],[21.67091,37.2571454],[21.6501559,37.25081778],[21.58817565,37.20715451],[21.56568253,37.15921235],[21.58160114,37.09140766],[21.57371664,37.05900228],[21.60286391,37.03957474],[21.61826885,37.01407921],[21.64203405,37.00332105],[21.66275215,36.96429455],[21.65341711,36.95934904],[21.65706897,36.95034277],[21.68174827,36.95672274],[21.71040916,36.94258594],[21.70742691,36.92339921],[21.6893177,36.9140625],[21.67933524,36.888363],[21.68897724,36.83992767],[21.70430064,36.8110069],[21.7165668,36.81618321],[21.72916675,36.79826307],[21.75183201,36.79827535],[21.76047182,36.78525197],[21.76873922,36.79841125],[21.77678561,36.79381216],[21.79271317,36.80368113],[21.8218255,36.80317545],[21.83101475,36.77277148],[21.86414015,36.74710035],[21.87813723,36.71766782],[21.90641034,36.74522722],[21.93379331,36.75756121],[21.9367156,36.78094685],[21.96839023,36.79351676],[21.93933964,36.80719233],[21.92176175,36.86393321],[21.93541634,36.93096292],[21.93617034,36.95898294],[21.92677784,36.96103787],[21.93238866,36.98402286],[21.98531485,37.01046348],[22.04987431,37.02731431],[22.1484375,37.01785708],[22.15501475,36.99478757],[22.14094543,36.96589923],[22.14598584,36.93768072],[22.12514257,36.91447055],[22.16999435,36.88944566],[22.20186484,36.904302],[22.21084571,36.89425802],[22.22634876,36.8929522],[22.24993646,36.86265171],[22.24591613,36.85789061],[22.25687885,36.85661244],[22.25728726,36.83936262],[22.27197743,36.83602142],[22.27865827,36.82281435],[22.29618514,36.81378984],[22.30929804,36.77609074],[22.30056858,36.77021217],[22.31320405,36.76965392],[22.34878421,36.69711733],[22.3885715,36.69377875],[22.36041164,36.66778338],[22.36597538,36.65132987],[22.38238537,36.64590394],[22.38078058,36.63839865],[22.36226702,36.63891995],[22.36666751,36.62029123],[22.37572014,36.61788881],[22.3628633,36.60588062],[22.38666356,36.59192765],[22.37375176,36.58703625],[22.37105203,36.57658327],[22.38598084,36.57468605],[22.38180912,36.55343807],[22.39087927,36.54105473],[22.37445891,36.53571355],[22.36359072,36.54626226],[22.36645615,36.53360987],[22.35562694,36.52440035],[22.34574854,36.52666533],[22.34719527,36.51218927],[22.36962151,36.47646403],[22.39248681,36.46604204],[22.39998257,36.4811455],[22.4206655,36.46334112],[22.45809281,36.45195866],[22.45626736,36.44157255],[22.4751451,36.43011355],[22.46754074,36.42375815],[22.46816721,36.4089664],[15.13630417,36.68009117],[15.13958693,36.68519425],[15.12283266,36.70220947],[15.11994076,36.74457848],[15.11066854,36.74705636],[15.09505415,36.7783339],[15.09492826,36.80048227],[15.11084795,36.81685185],[15.10513842,36.83327866],[15.11366093,36.85320807],[15.13722718,36.86657548],[15.15365064,36.91481245],[15.17284834,36.92371607],[15.18740284,36.9465239],[15.20834482,36.95337141],[15.20892394,36.96371031],[15.26168656,36.97453284],[15.26903975,36.98629141],[15.26491272,36.99670625],[15.27616882,37.00690806],[15.30150962,37.01501167],[15.31424391,37.00338018],[15.33453822,37.00128138],[15.33669865,37.00789285],[15.31557703,37.03708661],[15.30242705,37.04405034],[15.28186822,37.03380036],[15.26909065,37.05460691],[15.28041053,37.06500852],[15.29754913,37.05253255],[15.29676354,37.10536516],[15.26333642,37.10608256],[15.27069604,37.11732614],[15.25552535,37.11037326],[15.22146082,37.12825906],[15.22193992,37.14863515],[15.24411631,37.14633918],[15.23193431,37.15933192],[15.22200012,37.15047157],[15.20542622,37.15321171],[15.20982778,37.16409504],[15.19978261,37.1649425],[15.20670605,37.18119216],[15.19775784,37.18224776],[15.20673025,37.18802178],[15.19611371,37.18412542],[15.19726408,37.19091618],[15.18976915,37.18815362],[15.19301856,37.19464505],[15.18515444,37.19543171],[15.18245816,37.20839596],[15.19471753,37.20707631],[15.18374872,37.21605062],[15.19858837,37.21723175],[15.19033206,37.23484826],[15.21484613,37.24576592],[15.21609986,37.22392273],[15.23301578,37.19790494],[15.22389698,37.22334886],[15.22650218,37.24503696],[15.24618292,37.23180664],[15.25712895,37.2436794],[15.24490011,37.24768627],[15.24029744,37.26153195],[15.20705831,37.29292357],[15.1906929,37.28187966],[15.17221606,37.29255593],[15.16191471,37.28905153],[15.1341902,37.30994701],[15.10477436,37.31027746],[15.09924805,37.31682146],[15.09112811,37.34439206],[15.08456922,37.48248041],[15.09657383,37.50075996],[15.10129511,37.48953772],[15.09785295,37.50395644],[15.11753905,37.52329802],[15.11650264,37.53147936],[15.14307976,37.54290807],[15.17670226,37.57573736],[15.17498732,37.63212192],[15.19884634,37.65384126],[15.19941163,37.67666018],[15.21959364,37.71076477],[15.20458806,37.73954654],[15.21230745,37.75541747],[15.24404252,37.79649198],[15.27647674,37.82145655],[15.26920581,37.82757342],[15.27230465,37.83552563],[15.30506635,37.85141575],[15.29660177,37.86147881],[15.30544686,37.87732506],[15.34826934,37.91249704],[15.36426961,37.94015062],[15.49014187,38.07045853],[15.53408384,38.14752293],[15.57312834,38.18988574],[15.57194126,38.19735253],[15.56081963,38.18827248],[15.55788434,38.19549382],[15.58301163,38.24606895],[15.65229845,38.26747692],[15.71249604,38.25366914],[15.63590515,38.23226392],[15.63199854,38.22273827],[15.63415134,38.18661797],[15.65541744,38.15239322],[15.65665007,38.13695335],[15.64808726,38.11387873],[15.63094676,38.10227835],[15.63483214,38.07607603],[15.65198195,38.06542122],[15.64804745,38.05382764],[15.65738225,38.04066992],[15.63518655,38.01333725],[15.67784774,37.95378006],[15.76401305,37.9161272],[15.91978681,37.92932224],[15.99794555,37.91524792],[16.06342447,37.92390502],[16.10762382,37.96807468],[16.14446473,38.03072703],[16.16377306,38.13420117],[16.2881211,38.25973117],[16.33797371,38.30175805],[16.47392595,38.34467685],[16.57149971,38.42676842],[16.58305526,38.45928335],[16.56827116,38.60167027],[16.55627823,38.65068507],[16.55877018,38.68172812],[16.53600621,38.70353413],[16.53490806,38.71352112],[16.57064927,38.7540487],[16.56770635,38.76672304],[16.60476553,38.81272316],[16.77770245,38.89654124],[16.90215874,38.93017852],[16.98394895,38.93772125],[17.02182424,38.90555155],[17.03182077,38.91589212],[17.05509114,38.91877723],[17.08905327,38.91012847],[17.08939981,38.89586782],[17.09615326,38.89325166],[17.10157907,38.9051522],[17.17199576,38.95661211],[17.16081071,38.96956027],[17.16462004,38.99431336],[17.20665765,39.02872217],[17.17687655,39.03243172],[17.14660001,39.04724455],[17.13071966,39.06881177],[17.13674951,39.08428586],[17.11917901,39.08735251],[17.12324691,39.09155965],[17.11362505,39.09295166],[17.10743165,39.11173677],[17.14732754,39.20582426],[17.10521054,39.25522566],[17.11097395,39.31594574],[17.15491772,39.40092623],[17.11737227,39.40600038],[17.05283821,39.43892622],[17.02255642,39.48367023],[16.94951117,39.49895132],[16.87074184,39.53617644],[16.83848226,39.55601644],[16.81566596,39.59020865],[16.77414036,39.61928272],[16.61971176,39.62116075],[16.56685257,39.64038312],[16.52832568,39.66950703],[16.5234375,39.65959823],[16.51810837,39.66933751],[16.52728951,39.67365301],[16.52842176,39.72419417],[16.4988203,39.74180472],[16.48698294,39.76573718],[16.48683214,39.79023755],[16.50233865,39.82603455],[16.62770081,39.9570533],[16.6298511,39.96662426],[16.61460376,39.98485851],[16.5994215,40.03948104],[16.60909724,40.08413816],[16.64176488,40.11748457],[16.68895555,40.14806378],[16.73090374,40.20271134],[16.72481132,40.2018764],[16.72146118,40.21293211],[16.72570658,40.20598292],[16.73172176,40.21454465],[16.73537028,40.20867145],[16.75058484,40.25032485],[16.78624535,40.30426252],[16.90182054,40.43588436],[16.99085176,40.49419487],[17.09170961,40.52055621]],[[17.15673375,40.45331991],[17.14117706,40.45074987],[17.15388274,40.44417977],[17.16768885,40.44784796],[17.16106546,40.45312107],[17.16404366,40.46676373],[17.15673375,40.45331991]],[[17.17586255,40.43705904],[17.17641497,40.43687725],[17.17700243,40.43688881],[17.17586255,40.43705904]],[[17.86613047,40.26853502],[17.86671245,40.26828325],[17.86757708,40.26829207],[17.86613047,40.26853502]],[[17.88484633,40.25746036],[17.88504267,40.25696385],[17.88488615,40.25676084],[17.88484633,40.25746036]],[[16.72221005,40.20773184],[16.72219431,40.21191394],[16.72164714,40.21233261],[16.72221005,40.20773184]],[[17.94807422,40.04456174],[17.9558624,40.05090296],[17.94786537,40.05287385],[17.94807422,40.04456174]],[[19.63452983,39.72698104],[19.63452983,39.7265625],[19.63469315,39.7265625],[19.63452983,39.72698104]],[[19.90181935,39.41500437],[19.90256298,39.41494417],[19.90323484,39.41523886],[19.90181935,39.41500437]],[[20.12607634,39.22047234],[20.14078414,39.20944333],[20.14177954,39.19845831],[20.16838098,39.18081164],[20.21595836,39.17843163],[20.20281506,39.18140054],[20.20343924,39.18951833],[20.18875313,39.19658601],[20.19053197,39.20528293],[20.16983795,39.21615696],[20.16209304,39.22951591],[20.13071644,39.24137187],[20.12607634,39.22047234]],[[20.19301105,39.20262182],[20.19334495,39.20190835],[20.19383657,39.20179522],[20.19301105,39.20262182]],[[20.21739554,39.15156055],[20.23896885,39.13739395],[20.25249314,39.14003515],[20.22624755,39.16173935],[20.2100749,39.15537226],[20.21739554,39.15156055]],[[20.24821353,39.12893546],[20.24935245,39.12892032],[20.25012755,39.12904716],[20.24821353,39.12893546]],[[20.73316908,38.85259294],[20.71858871,38.84406614],[20.74678505,38.85984421],[20.73316908,38.85259294]],[[20.72315156,38.84286582],[20.72260046,38.84267795],[20.72260046,38.8425976],[20.72315156,38.84286582]],[[20.6906867,38.84206176],[20.69380724,38.8501209],[20.72222543,38.84680188],[20.6901226,38.85193717],[20.67501521,38.83248627],[20.64708996,38.83235764],[20.62426305,38.7937113],[20.60016501,38.78151238],[20.57277453,38.70545804],[20.55525815,38.68124795],[20.55816781,38.62904537],[20.54545724,38.60392845],[20.54932952,38.59390974],[20.54189587,38.58559811],[20.55035055,38.57744265],[20.54060471,38.56066096],[20.57033181,38.58698595],[20.59509432,38.63151634],[20.60596836,38.62834215],[20.61720037,38.5966897],[20.63259268,38.60089135],[20.64003217,38.57819617],[20.64868104,38.58127618],[20.64209604,38.59649384],[20.65423465,38.60928857],[20.67294526,38.60142076],[20.68616796,38.60699761],[20.68853796,38.61994982],[20.68243384,38.62382972],[20.69990861,38.61796725],[20.69629133,38.63853645],[20.71524262,38.62072241],[20.72503531,38.63071883],[20.71188045,38.671875],[20.72380734,38.6742146],[20.72564006,38.69510245],[20.71360886,38.70433974],[20.70844924,38.67750633],[20.69869816,38.68089235],[20.73316026,38.72967553],[20.71931064,38.76181555],[20.72102284,38.79762542],[20.72942781,38.80429781],[20.71929705,38.79955125],[20.71280468,38.83450258],[20.68288743,38.83606327],[20.6906867,38.84206176]],[[20.74322581,38.71674752],[20.74305761,38.71609461],[20.7421875,38.71623886],[20.74322581,38.71674752]],[[20.72565866,38.70895505],[20.72423101,38.70902336],[20.72323561,38.70876312],[20.72565866,38.70895505]],[[20.74725282,38.70239461],[20.74676037,38.70201182],[20.74644041,38.70167255],[20.74725282,38.70239461]],[[20.73903775,38.68630302],[20.75413775,38.69697714],[20.74018192,38.69716644],[20.73903775,38.68630302]],[[20.77891254,38.671875],[20.78300977,38.66384935],[20.77039254,38.66962302],[20.76268971,38.65939391],[20.74139226,38.66816378],[20.73464596,38.63958585],[20.76557863,38.61133432],[20.81044996,38.58956063],[20.75510085,38.62689245],[20.76460671,38.64532197],[20.78073406,38.64137137],[20.80429006,38.65329194],[20.79824364,38.65540254],[20.80954385,38.66837382],[20.79753792,38.66183364],[20.80549741,38.67259097],[20.79014421,38.66464567],[20.79073012,38.67662787],[20.78612685,38.67116821],[20.78191292,38.6785444],[20.77891254,38.671875]],[[20.94217813,38.65211451],[20.91009975,38.64946115],[20.89415085,38.63967466],[20.86807167,38.5988667],[20.87054813,38.57774782],[20.88936853,38.59025025],[20.88503253,38.60096943],[20.92629266,38.61415935],[20.96123171,38.64405692],[20.95811045,38.65213895],[20.94217813,38.65211451]],[[20.93866158,38.60619593],[20.93930423,38.60608542],[20.9398725,38.60612285],[20.93866158,38.60619593]],[[20.93090725,38.60396278],[20.90259671,38.56377614],[20.89718688,38.56663501],[20.89641464,38.54067397],[20.90838242,38.54029214],[20.90072536,38.55338681],[20.93919134,38.59676075],[20.93090725,38.60396278]],[[20.92408407,38.57299984],[20.92448914,38.57260466],[20.92518485,38.57261086],[20.92408407,38.57299984]],[[20.71682966,38.53864753],[20.72185445,38.56135118],[20.70668197,38.5672574],[20.69926023,38.54500115],[20.71682966,38.53864753]],[[20.85086834,38.56156385],[20.85083914,38.56117106],[20.85115922,38.56090355],[20.85086834,38.56156385]],[[20.80265105,38.58075821],[20.80188274,38.58813751],[20.78615391,38.58707654],[20.80265105,38.58075821]],[[20.73453617,38.66037607],[20.73412967,38.66046905],[20.73409104,38.66034305],[20.73453617,38.66037607]],[[20.53886867,38.69633567],[20.5378772,38.69649613],[20.53707421,38.69601035],[20.53886867,38.69633567]],[[20.65183091,38.47961903],[20.64316905,38.46701097],[20.61819172,38.47841132],[20.61444771,38.46561146],[20.62774336,38.44298625],[20.64178467,38.43871415],[20.64142561,38.42027605],[20.66291726,38.38744271],[20.66654086,38.36095297],[20.68634295,38.34640157],[20.69454324,38.31589043],[20.72228086,38.29972851],[20.76643705,38.31894696],[20.74443245,38.32856917],[20.75150144,38.33519316],[20.73986363,38.33960176],[20.74108803,38.3494879],[20.74884617,38.35325706],[20.73787546,38.36402905],[20.75635684,38.36428261],[20.73596001,38.38683152],[20.71487165,38.39183223],[20.72233415,38.38481176],[20.70172167,38.38484585],[20.71962881,38.36559224],[20.70344806,38.37353158],[20.67555404,38.36483836],[20.67577231,38.38131893],[20.71013224,38.43424582],[20.7022773,38.44682062],[20.69090605,38.44823706],[20.69776702,38.45214784],[20.69261372,38.46078718],[20.68214965,38.45370591],[20.66386116,38.45906794],[20.67338145,38.46727181],[20.6765722,38.4921813],[20.64781976,38.50270474],[20.65183091,38.47961903]],[[20.81530082,38.50229895],[20.79622781,38.47692347],[20.82229865,38.47826803],[20.82379007,38.50130105],[20.81530082,38.50229895]],[[21.02722132,38.49103141],[21.02704,38.49045551],[21.02714157,38.48992574],[21.02722132,38.49103141]],[[21.02463985,38.48809946],[21.00633526,38.48371875],[21.02847731,38.47195971],[21.02463985,38.48809946]],[[21.03986776,38.47219396],[21.04875433,38.47761977],[21.03799975,38.4771533],[21.03986776,38.47219396]],[[21.04544747,38.47016382],[21.04269791,38.45435536],[21.05348384,38.46388876],[21.04544747,38.47016382]],[[21.06564617,38.45998645],[21.0664587,38.45987165],[21.0669589,38.45987225],[21.06564617,38.45998645]],[[21.06004155,38.45767915],[21.06533992,38.45108235],[21.074597,38.45522296],[21.06004155,38.45767915]],[[21.03758526,38.46498322],[21.03740764,38.46512282],[21.03645802,38.46462905],[21.03758526,38.46498322]],[[21.01867723,38.46455956],[21.01859152,38.46545756],[21.01819766,38.46608067],[21.01867723,38.46455956]],[[21.00291145,38.4690907],[21.00321746,38.46945405],[21.0033915,38.46990645],[21.00291145,38.4690907]],[[21.01534414,38.47004354],[21.01572776,38.46996057],[21.01611948,38.47003555],[21.01534414,38.47004354]],[[20.99996698,38.48382068],[20.9989351,38.48388505],[20.99802446,38.48335362],[20.99996698,38.48382068]],[[21.08284688,38.43550372],[21.07791126,38.42900074],[21.08356416,38.41050601],[21.10318816,38.39408123],[21.10745072,38.41747522],[21.08284688,38.43550372]],[[21.02192867,38.42744267],[21.02148986,38.42758894],[21.02134287,38.42732322],[21.02192867,38.42744267]],[[21.02520263,38.43509746],[21.02361465,38.43541896],[21.02293766,38.43506062],[21.02520263,38.43509746]],[[20.99055767,38.3727771],[20.98953927,38.36573386],[21.00026512,38.36241102],[20.99942553,38.37201726],[20.99314117,38.37776995],[20.99055767,38.3727771]],[[21.02887523,38.36197364],[21.04997885,38.34783757],[21.02474022,38.37246346],[21.02887523,38.36197364]],[[21.05528235,38.34812427],[21.05606794,38.34805357],[21.05653691,38.34827113],[21.05528235,38.34812427]],[[21.10395253,38.31254435],[21.10651886,38.3023442],[21.09283781,38.29911196],[21.09972036,38.28201091],[21.10657465,38.2835325],[21.10379624,38.29700184],[21.12031984,38.30511701],[21.11876357,38.31954765],[21.10395253,38.31254435]],[[21.14287245,38.30291045],[21.14323044,38.30286002],[21.14362395,38.30293405],[21.14287245,38.30291045]],[[20.60670817,38.29454684],[20.59869516,38.30178344],[20.62871337,38.32217884],[20.61195326,38.40136123],[20.59564924,38.40493071],[20.60056198,38.40959907],[20.58730865,38.42737484],[20.58658171,38.44646132],[20.57789767,38.45186257],[20.58238161,38.46454692],[20.56223536,38.47527683],[20.54188907,38.4741497],[20.53609765,38.46811461],[20.54192972,38.44273436],[20.53317785,38.44357598],[20.53834903,38.42146862],[20.54474545,38.42426765],[20.53713524,38.41362166],[20.54866433,38.38441086],[20.53829885,38.37796605],[20.53668666,38.38625705],[20.52432895,38.38515353],[20.54382134,38.37337673],[20.54359555,38.35253096],[20.53137016,38.35381615],[20.53794336,38.34525442],[20.47837663,38.30872202],[20.46976912,38.32608652],[20.45739043,38.32176042],[20.44507921,38.32929134],[20.44220698,38.35682726],[20.42515302,38.35427225],[20.41002202,38.33653355],[20.39882255,38.35584712],[20.38707483,38.27270043],[20.37769997,38.27170885],[20.37443233,38.25959837],[20.35623384,38.26216006],[20.35199892,38.24933362],[20.35897052,38.22956932],[20.34971714,38.20470715],[20.33684766,38.20272803],[20.34366381,38.19625163],[20.33818793,38.17905045],[20.37663555,38.1632601],[20.38323414,38.14823294],[20.44008732,38.1616435],[20.43949151,38.22677636],[20.42152965,38.26937008],[20.44423246,38.28067565],[20.48103738,38.20206916],[20.50920296,38.16921377],[20.50172293,38.16488171],[20.47892725,38.19237661],[20.46782196,38.19127464],[20.4806478,38.17134345],[20.47363937,38.15809548],[20.49547768,38.13461077],[20.48708403,38.12059248],[20.50954926,38.10892737],[20.51240015,38.09994078],[20.53302288,38.10316455],[20.56620634,38.0884701],[20.57670236,38.10337317],[20.61982965,38.11643207],[20.70257092,38.06831431],[20.74353671,38.06029582],[20.76708138,38.06863046],[20.78826272,38.05693614],[20.80099392,38.07214367],[20.81359208,38.11813533],[20.79438865,38.12984097],[20.78817534,38.14927936],[20.77000415,38.15656555],[20.76684761,38.17022836],[20.71277821,38.22419465],[20.71315801,38.23942196],[20.69676375,38.25214457],[20.69687104,38.26330554],[20.67384064,38.26095891],[20.67887461,38.27981782],[20.66547286,38.2759186],[20.6514852,38.25540507],[20.63334632,38.25226212],[20.60670817,38.29454684]],[[20.42316794,38.13106036],[20.42672956,38.13515031],[20.41739964,38.14003766],[20.42316794,38.13106036]],[[21.25845253,37.97420561],[21.2586441,37.97406995],[21.25884867,37.97407722],[21.25845253,37.97420561]],[[20.69682884,37.93242967],[20.64650786,37.89987898],[20.62838781,37.87919593],[20.62528515,37.85952473],[20.61919022,37.86185658],[20.62682736,37.85644817],[20.61974514,37.84861004],[20.63146627,37.8338598],[20.62980282,37.81351852],[20.65288484,37.79296875],[20.67839158,37.78978074],[20.67280126,37.76664925],[20.69715595,37.75964463],[20.69183683,37.74350393],[20.71181226,37.72488081],[20.75820017,37.70745742],[20.77042818,37.6838361],[20.80150187,37.66878176],[20.80496085,37.65364563],[20.83644354,37.64402604],[20.86048877,37.66166222],[20.83702171,37.68122756],[20.84203315,37.69765985],[20.88436556,37.73211324],[20.91864276,37.73668885],[20.98849106,37.70594585],[20.98448587,37.69680011],[20.99387884,37.7027626],[20.98845923,37.71944737],[20.99326742,37.72810781],[20.95977473,37.73998857],[20.94066834,37.76148581],[20.89861596,37.77834213],[20.90564966,37.80514646],[20.82278633,37.83902132],[20.79013085,37.84759045],[20.77173674,37.84110951],[20.7421875,37.85909593],[20.73378694,37.88104737],[20.72649884,37.87839854],[20.70653856,37.90583885],[20.71171737,37.91751826],[20.70636845,37.93069553],[20.69682884,37.93242967]],[[20.71117961,37.90564728],[20.71205115,37.90523374],[20.71277761,37.904953],[20.71117961,37.90564728]],[[20.94622505,37.70532834],[20.94280362,37.70535707],[20.94227505,37.70493865],[20.94622505,37.70532834]],[[20.86908245,37.6823045],[20.87564874,37.683411],[20.86774945,37.68782914],[20.86908245,37.6823045]],[[21.30021036,37.65858352],[21.30062306,37.65849245],[21.30092466,37.65866721],[21.30021036,37.65858352]],[[20.62014747,37.81760633],[20.62046552,37.81792498],[20.62048745,37.81852758],[20.62014747,37.81760633]],[[15.16515601,37.55925524],[15.16539454,37.55900812],[15.16560411,37.55910623],[15.16515601,37.55925524]],[[21.00254536,37.25517261],[21.00307393,37.25505555],[21.00355542,37.25510335],[21.00254536,37.25517261]],[[21.00910163,37.24823034],[21.00146735,37.24550843],[21.00801945,37.23972118],[21.02219081,37.24414992],[21.01757622,37.25185657],[21.00910163,37.24823034]],[[15.23292661,37.19545376],[15.23234606,37.19502413],[15.23213625,37.19500554],[15.23292661,37.19545376]],[[21.54990852,37.06045425],[21.53824091,37.05520141],[21.55207276,37.04871011],[21.55079186,37.03323531],[21.56112671,37.05704117],[21.55824232,37.06624222],[21.54990852,37.06045425]],[[21.66017783,36.94971812],[21.6535114,36.94716334],[21.67255688,36.90921557],[21.67491913,36.92240095],[21.66017783,36.94971812]],[[21.67274976,36.90419126],[21.67311871,36.90417194],[21.67342985,36.90425217],[21.67274976,36.90419126]],[[21.69656634,36.82570744],[21.69708586,36.82559776],[21.69753242,36.82572115],[21.69656634,36.82570744]],[[21.7015537,36.79395425],[21.69179058,36.77623951],[21.69382775,36.73279667],[21.70578456,36.74672341],[21.70065737,36.75824058],[21.71922398,36.76412666],[21.71636605,36.77896345],[21.72700214,36.78468442],[21.7015537,36.79395425]],[[21.73996425,36.75885701],[21.73961616,36.75872028],[21.73926616,36.75858438],[21.73996425,36.75885701]],[[21.75534368,36.74728966],[21.74921012,36.71393585],[21.76696968,36.71692085],[21.76188076,36.70540357],[21.77853084,36.69818103],[21.77299726,36.71016252],[21.78767264,36.74333632],[21.76040304,36.75801766],[21.75534368,36.74728966]],[[21.88293958,36.69793117],[21.88134193,36.68823481],[21.88992572,36.68844914],[21.89322114,36.69967651],[21.88513863,36.70538163],[21.88293958,36.69793117]],[[15.15356851,36.68934774],[15.15317595,36.68956268],[15.15279531,36.68917406],[15.15356851,36.68934774]],[[21.70889056,36.75855041],[21.70837355,36.75885296],[21.70752311,36.75852787],[21.70889056,36.75855041]],[[15.10555816,36.7931329],[15.10486996,36.79329824],[15.10358071,36.79233384],[15.10555816,36.7931329]],[[22.2337172,36.87836123],[22.23336935,36.88125932],[22.23267317,36.88178015],[22.2337172,36.87836123]],[[21.32586753,37.64588332],[21.32521641,37.64602196],[21.32417405,37.64523196],[21.32586753,37.64588332]],[[22.98179316,38.18199945],[22.98163044,38.18178284],[22.98149335,38.18151605],[22.98179316,38.18199945]],[[23.0057317,38.18336666],[22.99198973,38.17989671],[23.01549757,38.17875826],[23.0057317,38.18336666]],[[22.97101784,38.17767584],[22.97056854,38.17837036],[22.96990216,38.17895257],[22.97101784,38.17767584]],[[22.88309121,38.17792904],[22.88340175,38.17823875],[22.8839432,38.17863595],[22.88309121,38.17792904]],[[22.98654044,38.11656523],[22.98717916,38.11640513],[22.9874891,38.11648774],[22.98654044,38.11656523]],[[22.99026835,38.11658084],[22.99915147,38.10449946],[22.99693871,38.11780286],[22.99026835,38.11658084]],[[22.9784615,38.11280906],[22.97768807,38.11299205],[22.97716403,38.11256313],[22.9784615,38.11280906]],[[22.98808122,38.20213604],[22.98820543,38.20233774],[22.98839486,38.20251274],[22.98808122,38.20213604]],[[22.86483645,38.22681916],[22.86406362,38.22722137],[22.86399806,38.22698367],[22.86483645,38.22681916]],[[22.70163906,38.29698932],[22.70180416,38.29739285],[22.70171046,38.29781353],[22.70163906,38.29698932]],[[22.62770975,38.31063426],[22.62719715,38.31088173],[22.62663746,38.31103694],[22.62770975,38.31063426]],[[22.40487766,38.38405585],[22.40423393,38.38479745],[22.40339363,38.38515687],[22.40487766,38.38405585]],[[22.12529993,38.35603082],[22.12463474,38.35607195],[22.12431467,38.35574543],[22.12529993,38.35603082]],[[22.08898401,38.35594916],[22.07524753,38.36600125],[22.07801735,38.37301624],[22.06121755,38.37374616],[22.06730652,38.36078346],[22.08898401,38.35594916]],[[22.09612167,38.35695493],[22.09651423,38.35690331],[22.09697795,38.35693562],[22.09612167,38.35695493]],[[21.23054445,38.31299138],[21.23012614,38.31307805],[21.22998643,38.31282175],[21.23054445,38.31299138]],[[21.26631618,38.31596625],[21.26645255,38.31658065],[21.26646936,38.31729877],[21.26631618,38.31596625]],[[21.37680078,38.32301974],[21.37645686,38.32306755],[21.37597513,38.32273495],[21.37680078,38.32301974]],[[21.26143444,38.32306063],[21.26165247,38.32316387],[21.26182377,38.32329905],[21.26143444,38.32306063]],[[21.34442794,38.32369125],[21.35172975,38.32476926],[21.336501,38.32513463],[21.34442794,38.32369125]],[[21.25889683,38.32743585],[21.25881755,38.32768261],[21.25880444,38.32799315],[21.25889683,38.32743585]],[[21.27139413,38.33021748],[21.27119994,38.32993877],[21.27105081,38.32966065],[21.27139413,38.33021748]],[[21.46396434,38.3386929],[21.46368575,38.33877277],[21.46332955,38.33850706],[21.46396434,38.3386929]],[[21.35347414,38.43310523],[21.35418296,38.43320274],[21.35515583,38.43320966],[21.35347414,38.43310523]],[[20.87220192,38.96591663],[20.871562,38.96599424],[20.87120342,38.96583915],[20.87220192,38.96591663]],[[20.91512012,38.98936546],[20.91426981,38.98943841],[20.91387272,38.98919332],[20.91512012,38.98936546]],[[21.09375,39.04799104],[21.09375,39.04827011],[21.09724164,39.04826272],[21.09375,39.04799104]],[[20.23645294,39.39359045],[20.23827732,39.39903235],[20.23090816,39.39951313],[20.23645294,39.39359045]],[[20.22572136,39.39917934],[20.22559178,39.39960945],[20.22539067,39.39997911],[20.22572136,39.39917934]],[[20.22451866,39.40556037],[20.22792876,39.40080655],[20.23266733,39.40809536],[20.2223438,39.41011298],[20.22451866,39.40556037]],[[20.15454078,39.51056051],[20.15370774,39.51065862],[20.15314746,39.50986016],[20.15454078,39.51056051]],[[20.1814754,39.62607741],[20.18051004,39.62614477],[20.18004978,39.62587166],[20.1814754,39.62607741]],[[19.92928135,39.63906956],[19.92759275,39.64507926],[19.91656804,39.64040267],[19.92928135,39.63906956]],[[19.88032901,39.64934754],[19.87883937,39.64964461],[19.87847996,39.6494503],[19.88032901,39.64934754]]]]},"geometry_name":"the_geom","properties":{"name":"Ionian Sea","id":"28f","longitude":18.62902944017,"latitude":38.01785115746,"min_x":15.0845692161,"min_y":36.40896639521,"max_x":23.22467541714,"max_y":40.52065920816,"area":171778,"mrgid":3351}},{"type":"Feature","id":"iho.45","geometry":{"type":"MultiPolygon","coordinates":[[[[25.1149255,41.0877192],[25.13738215,41.07367241],[25.13315415,41.06262302],[25.11884451,41.05745196],[25.12176287,41.04991734],[25.15554774,41.04266274],[25.17325854,41.02605605],[25.17841172,41.00803995],[25.15896845,41.00087965],[25.14443266,41.00964975],[25.15461886,41.00100553],[25.12875915,41.00400436],[25.14162481,40.98854911],[25.14876783,40.99717224],[25.16543245,40.99854851],[25.14950585,40.98850954],[25.15689111,40.98306632],[25.13874304,40.98003066],[25.12451792,40.96213377],[25.17425764,40.94012523],[25.24862182,40.93621004],[25.26409793,40.92103982],[25.29376411,40.94304502],[25.33264685,40.94220555],[25.33559597,40.94768047],[25.33512044,40.94136405],[25.36105585,40.93469715],[25.37983692,40.90942371],[25.45727754,40.89684761],[25.55040503,40.85872054],[25.59078491,40.86851585],[25.73173106,40.84470653],[25.81586611,40.85065293],[25.88024545,40.83992875],[25.91657245,40.8478018],[25.94979596,40.84237337],[26.00080156,40.80964816],[26.01320064,40.81827581],[26.01510155,40.80337477],[26.00322914,40.79986465],[26.00502396,40.79338181],[26.02071226,40.79627538],[26.02790976,40.78192902],[26.04829443,40.77049816],[26.05676401,40.77324057],[26.05030465,40.78278446],[26.06925941,40.78125],[26.05025625,40.76872373],[26.03620827,40.77606642],[26.04125714,40.76659703],[26.03466141,40.76244473],[26.04175711,40.7609992],[26.03457356,40.74529076],[26.04756391,40.75402558],[26.02573907,40.73682976],[26.04160655,40.72597384],[26.05301046,40.70874095],[26.04947531,40.6951524],[26.06232774,40.68338895],[26.06058598,40.63908625],[26.07517433,40.61760795],[26.1223371,40.59151494],[26.23429763,40.59849334],[26.30369651,40.59047306],[26.37513816,40.60800946],[26.41364586,40.59856057],[26.45978987,40.61665893],[26.53338683,40.59128475],[26.60999095,40.63656163],[26.69685435,40.63702786],[26.78425443,40.65767646],[26.81846595,40.64694774],[26.83888817,40.58838296],[26.79891741,40.55673134],[26.76333165,40.54442012],[26.74479616,40.54928803],[26.74759901,40.55892324],[26.71875,40.53850436],[26.70805287,40.51270068],[26.69489324,40.50712967],[26.63570118,40.51037622],[26.58908725,40.49695337],[26.49281895,40.44747937],[26.45070946,40.4389137],[26.41254926,40.41132021],[26.36665785,40.39232743],[26.33176076,40.36388242],[26.30822325,40.36548054],[26.29548872,40.35218585],[26.26230907,40.34589815],[26.21555138,40.31632996],[26.24065435,40.31497264],[26.2468363,40.30678594],[26.24150836,40.29366016],[26.22936213,40.28918028],[26.27856743,40.25390625],[26.27851415,40.21626556],[26.20993197,40.10450184],[26.16587126,40.05256033],[26.211369,40.00601377],[26.19854176,40.00972736],[26.17924321,39.99143434],[26.14991784,39.91538727],[26.16137576,39.89498937],[26.15906787,39.88296378],[26.14519274,39.86817884],[26.13739097,39.84089494],[26.16361284,39.8182199],[26.15395164,39.79500532],[26.15853345,39.77666354],[26.14017582,39.75698745],[26.15876985,39.71819174],[26.16351736,39.65946043],[26.14253986,39.61259913],[26.10560083,39.58491385],[26.08892596,39.52894628],[26.08029067,39.52136505],[26.08375287,39.51106751],[26.06975007,39.50288224],[26.06264365,39.47949612],[26.08117998,39.46715283],[26.13773143,39.4528234],[26.20424962,39.46097314],[26.23026514,39.47452736],[26.24230695,39.46389008],[26.26713824,39.48352706],[26.32491052,39.48082125],[26.35394764,39.48707354],[26.36811817,39.48049784],[26.37638235,39.49637985],[26.41795456,39.50098467],[26.44641304,39.51782775],[26.54867935,39.53111851],[26.63165724,39.55447984],[26.69061673,39.55504155],[26.77296972,39.57109487],[26.81864226,39.56762075],[26.83765781,39.55778635],[26.86642754,39.56529617],[26.87969315,39.58512974],[26.92188156,39.58358061],[26.94196057,39.57026207],[26.95296442,39.55013096],[26.93941545,39.53736722],[26.93172085,39.48557663],[26.89862704,39.47625363],[26.85827005,39.47694635],[26.85522926,39.44021344],[26.83356857,39.42945802],[26.81313944,39.43847275],[26.79729581,39.43215907],[26.80182874,39.40343881],[26.81111622,39.40034294],[26.80593467,39.39230061],[26.77550781,39.36878383],[26.73672378,39.35957217],[26.71697032,39.34244192],[26.70155156,39.34055507],[26.68913245,39.3131932],[26.66367745,39.30464566],[26.66042757,39.29324734],[26.66687834,39.29462814],[26.67114365,39.27934694],[26.65465367,39.28616715],[26.65876937,39.29218602],[26.65259385,39.29767156],[26.63071775,39.29700863],[26.64437008,39.30739677],[26.65679348,39.3037101],[26.65080047,39.32341695],[26.62622273,39.31210315],[26.62104213,39.28723621],[26.60858774,39.27577031],[26.71795321,39.25887191],[26.73423052,39.23860085],[26.73570347,39.20551205],[26.76806545,39.16612434],[26.81736052,39.15395987],[26.8778491,39.09979737],[26.88649416,39.06822181],[26.79912674,39.03218245],[26.79865015,39.01513755],[26.8160181,39.02546656],[26.79752552,38.9965198],[26.80143976,38.95059776],[26.81135476,38.95258725],[26.82103574,38.93602276],[26.85143125,38.93246722],[26.85833013,38.91358495],[26.87762034,38.91493273],[26.91996455,38.93961036],[26.93825185,38.92521656],[26.93696773,38.93721735],[26.95034325,38.93418825],[26.96691072,38.94423902],[26.95710623,38.93768692],[26.96978617,38.9266659],[27.01741743,38.91334546],[27.0063138,38.91865075],[27.04317856,38.94094443],[27.05691993,38.9143877],[27.04401803,38.90888715],[27.03719604,38.89408195],[27.05152035,38.89694166],[27.06627381,38.87722611],[27.05898857,38.86580682],[27.0449301,38.86805165],[27.0340507,38.85574508],[27.01981604,38.86185563],[27.02551126,38.87229824],[26.99030507,38.85602665],[26.98730862,38.84718215],[26.97115064,38.84535062],[26.96225846,38.83128417],[26.98403728,38.82210922],[26.96886027,38.8038882],[26.95318627,38.80298126],[26.94315863,38.81149948],[26.94459867,38.83608675],[26.91409647,38.81741166],[26.89283156,38.82491994],[26.89457548,38.81359982],[26.92437863,38.77797282],[26.93189096,38.78090286],[26.93908274,38.76427674],[26.92947245,38.75591874],[26.90756202,38.76633537],[26.89632797,38.73438525],[26.87708151,38.73515737],[26.85758817,38.75310731],[26.83550847,38.74233174],[26.83749723,38.7526468],[26.82303774,38.76234221],[26.78706408,38.74678791],[26.78034961,38.73683774],[26.74056065,38.74127615],[26.74294364,38.73209774],[26.726668,38.72103727],[26.73211336,38.71951485],[26.72829235,38.69527447],[26.74094665,38.68169844],[26.73088646,38.67494166],[26.74533963,38.67798376],[26.75485373,38.67084098],[26.74871016,38.66368985],[26.73437715,38.66684008],[26.72237587,38.65158617],[26.73378432,38.65347087],[26.74959695,38.63456464],[26.76439273,38.64057481],[26.76962245,38.63575804],[26.75514746,38.62894917],[26.75736415,38.61542654],[26.79999864,38.61058414],[26.80057263,38.59906292],[26.80619681,38.60139286],[26.81848764,38.58597446],[26.82594204,38.590348],[26.83068812,38.57818174],[26.84038413,38.58687794],[26.84677565,38.56045938],[26.82295871,38.55035365],[26.82978678,38.55618572],[26.84271014,38.55033207],[26.84118438,38.55981457],[26.8470273,38.55894637],[26.84832954,38.54277861],[26.88264978,38.53435648],[26.87709975,38.51623786],[26.88824284,38.51075995],[26.82899082,38.52611494],[26.88395894,38.5078125],[26.92158377,38.46862972],[26.92002571,38.45313156],[26.95102322,38.44389224],[26.94859791,38.43168676],[26.95535743,38.44435406],[26.97085595,38.44189882],[26.97454405,38.45496547],[26.98378372,38.44885266],[26.98995328,38.45715654],[26.98710644,38.44924355],[27.01664042,38.46501863],[27.03540742,38.46328628],[27.02704537,38.46759355],[27.06703675,38.45822454],[27.07902145,38.46707594],[27.09391856,38.45321512],[27.11265886,38.44869781],[27.13506246,38.4647665],[27.15892315,38.46689987],[27.16996455,38.44076967],[27.14816856,38.44728017],[27.12100744,38.41221595],[27.08680475,38.39844584],[27.05915081,38.41512406],[27.03675628,38.41050386],[27.01734614,38.41788578],[26.98088181,38.39693475],[26.83572137,38.37046456],[26.80850625,38.35518384],[26.76536345,38.36792266],[26.76211667,38.38496685],[26.74951744,38.39315033],[26.75531387,38.4001255],[26.74305272,38.40243733],[26.73549461,38.41441762],[26.73601103,38.42905712],[26.73120105,38.42443764],[26.72111464,38.43686903],[26.72354317,38.42786181],[26.71534145,38.42735505],[26.707412,38.43452704],[26.68322074,38.41105735],[26.68595874,38.40311766],[26.67476296,38.38744545],[26.6880939,38.35138273],[26.67814517,38.36013591],[26.67499244,38.34802926],[26.69172072,38.34410834],[26.70303655,38.31960964],[26.67402041,38.31198645],[26.64444387,38.3399502],[26.64453435,38.37261093],[26.63036335,38.38124943],[26.61157703,38.42211986],[26.6002748,38.41615248],[26.58485222,38.42655337],[26.59977376,38.43390441],[26.60492146,38.45192385],[26.60107207,38.46063793],[26.58993804,38.46134555],[26.59775114,38.4678992],[26.58787978,38.47002125],[26.62093568,38.47202384],[26.63150024,38.46289051],[26.64088047,38.46862042],[26.62540054,38.5311259],[26.60755217,38.53200161],[26.56968451,38.55969667],[26.5624696,38.60200286],[26.55080164,38.60146236],[26.52322042,38.63062227],[26.52216435,38.64031005],[26.52867472,38.64245665],[26.52366686,38.64988577],[26.51278305,38.64747846],[26.4740808,38.67488766],[26.43813348,38.67083585],[26.41664755,38.68060493],[26.39739871,38.66724896],[26.36326325,38.66107094],[26.35302484,38.63829482],[26.36023426,38.56645036],[26.38056016,38.54396558],[26.38069046,38.52360368],[26.37512147,38.54155695],[26.37163115,38.53015065],[26.38100445,38.51953006],[26.39059222,38.52080333],[26.38942575,38.5048902],[26.40046835,38.50520563],[26.41202974,38.49345005],[26.39195216,38.46524346],[26.39279461,38.44743085],[26.41293812,38.45690715],[26.42030394,38.47594321],[26.43813694,38.47634685],[26.49473298,38.44818485],[26.51572955,38.42750645],[26.50137842,38.41512275],[26.50274265,38.40630782],[26.49058998,38.40102208],[26.47058642,38.42585444],[26.45075965,38.42731082],[26.46151102,38.41781116],[26.45930314,38.40958357],[26.46689761,38.41210926],[26.47564423,38.40147245],[26.47359276,38.38629603],[26.4823457,38.37601852],[26.45120013,38.34766781],[26.42003918,38.33921015],[26.4241935,38.33348465],[26.40156221,38.32342601],[26.39423323,38.32299411],[26.40194273,38.33262157],[26.39738286,38.34180415],[26.38749075,38.33691394],[26.38429666,38.34831166],[26.38483465,38.31652284],[26.37487113,38.30853963],[26.34451425,38.31956542],[26.34468806,38.33395994],[26.33513725,38.32409465],[26.31907952,38.33012474],[26.31203175,38.33885515],[26.32473683,38.35282254],[26.31692815,38.35833526],[26.31572413,38.37601686],[26.30095673,38.35491192],[26.28489101,38.37632895],[26.28510332,38.34219766],[26.30274844,38.32073796],[26.28657305,38.31702137],[26.28130472,38.32346725],[26.28265822,38.30117261],[26.27441645,38.29104733],[26.25176883,38.28455424],[26.23375845,38.29403985],[26.23172188,38.26651835],[26.28526294,38.26502228],[26.30108953,38.25678611],[26.30692518,38.24021625],[26.33599198,38.22552538],[26.3671875,38.22712052],[26.38716793,38.2469542],[26.37850833,38.26273847],[26.39130247,38.26055324],[26.40187514,38.24481797],[26.38993454,38.23730981],[26.38923275,38.2229439],[26.43073392,38.19810545],[26.41990924,38.22143042],[26.44292152,38.21796906],[26.43926764,38.21212578],[26.45292234,38.20095217],[26.46155977,38.20414984],[26.45828843,38.19176316],[26.49015796,38.19563246],[26.48648417,38.18549073],[26.49691725,38.17747164],[26.50104046,38.18276215],[26.50642943,38.17522192],[26.51791275,38.18683076],[26.5200752,38.16549563],[26.51176476,38.16584802],[26.52060485,38.14237225],[26.53129494,38.13886595],[26.53002202,38.12765121],[26.56069136,38.11737371],[26.56746364,38.12667215],[26.5633471,38.14381266],[26.57067537,38.14255095],[26.58406544,38.12520528],[26.58127046,38.10999107],[26.59187424,38.10257411],[26.60451651,38.10213804],[26.61541545,38.11181486],[26.61298716,38.13499928],[26.60338736,38.14321744],[26.62407386,38.13835788],[26.63613296,38.20716548],[26.64555144,38.20179486],[26.65394115,38.21007657],[26.67492366,38.20443273],[26.67898285,38.21180117],[26.68623173,38.20220685],[26.69697332,38.21088004],[26.73247206,38.20682621],[26.73652518,38.21579897],[26.74503362,38.21215725],[26.75730157,38.22191083],[26.79019523,38.19888675],[26.78273237,38.19199705],[26.77253365,38.19706416],[26.76740611,38.17599845],[26.77484667,38.16143346],[26.79513311,38.17329907],[26.82433271,38.157781],[26.8193084,38.14416218],[26.83681226,38.13120925],[26.83019221,38.12400055],[26.85109043,38.10201824],[26.84479737,38.07270336],[26.86739481,38.03940117],[26.86454487,38.02855384],[26.89822137,38.06124604],[26.94751895,38.07528508],[26.98088336,38.07474625],[27.01709807,38.05463171],[27.04803705,38.0499022],[27.06900704,38.03208756],[27.07547235,38.01285064],[27.0987823,38.01534021],[27.11805606,37.99343431],[27.14291072,37.98381233],[27.16725671,37.98086607],[27.21672344,37.99220347],[27.25286591,37.97753203],[27.27189326,37.95122194],[27.27741206,37.92673123],[27.26057196,37.91302001],[27.27252805,37.90188003],[27.26300454,37.88844311],[27.26337004,37.86621332],[27.2414875,37.85982466],[27.24243844,37.84454036],[27.23564792,37.84005487],[27.24267447,37.82522345],[27.25925875,37.82389498],[27.26961982,37.80834341],[27.25944257,37.76157844],[27.23966277,37.72805524],[27.20690465,37.70830405],[27.10001016,37.68052423],[27.06602693,37.68635321],[27.04792118,37.68098652],[27.03147805,37.68987393],[27.01524568,37.68491352],[27.00306797,37.65979505],[27.01917624,37.65492475],[27.01454115,37.64721072],[27.12544954,37.63033724],[27.13876605,37.61929822],[27.13342345,37.62626803],[27.17935336,37.60660493],[27.18934345,37.60940695],[27.21715415,37.59036064],[27.21301305,37.57535291],[27.19363797,37.57395554],[27.17394352,37.54757655],[27.17574406,37.56065655],[27.15959442,37.58520615],[27.16831434,37.56649935],[27.1685909,37.53700817],[27.18327272,37.54640341],[27.19220805,37.54234147],[27.18325865,37.53477955],[27.18920755,37.52302158],[27.18027306,37.48307514],[27.18988931,37.49135101],[27.18783176,37.52675664],[27.19455278,37.53247213],[27.20111787,37.51610005],[27.2027595,37.48975944],[27.18178225,37.47431362],[27.20367825,37.4882735],[27.20458114,37.47851098],[27.22549558,37.48767591],[27.22052097,37.47949052],[27.22772205,37.47222877],[27.21805036,37.45293236],[27.21861434,37.41978538],[27.23093522,37.40614915],[27.20936704,37.39888215],[27.21770835,37.3929584],[27.20298088,37.37103593],[27.2075963,37.36656058],[27.19254804,37.35343266],[27.22086406,37.35429835],[27.21217024,37.34802902],[27.23308682,37.34988797],[27.2351371,37.33840561],[27.25384855,37.33570254],[27.28585768,37.35618091],[27.29584444,37.34928346],[27.30868614,37.35271966],[27.31286812,37.34095395],[27.33033776,37.34282184],[27.33051503,37.35474944],[27.32031393,37.36097145],[27.32994092,37.37810481],[27.34261501,37.36887407],[27.36006713,37.37209177],[27.36955416,37.39981926],[27.41691685,37.41579592],[27.42988503,37.40302503],[27.43302846,37.38252544],[27.41374814,37.38355303],[27.40388906,37.36757922],[27.38370621,37.3572824],[27.38574135,37.32754743],[27.39424706,37.32572913],[27.38946605,37.32241702],[27.40095735,37.32130361],[27.39868355,37.3142997],[27.41188097,37.30456674],[27.44349432,37.30233693],[27.47749674,37.32871544],[27.47469223,37.34486592],[27.49802935,37.3193686],[27.48697901,37.29263604],[27.47588325,37.28833675],[27.45448184,37.25632226],[27.45776951,37.25036705],[27.47594786,37.25503707],[27.47654104,37.26893926],[27.49422336,37.26767182],[27.5072391,37.2801584],[27.51832223,37.27664685],[27.51690185,37.26275551],[27.52502835,37.25758088],[27.51468575,37.25124002],[27.52222764,37.25060666],[27.51054132,37.23794854],[27.49885356,37.23708296],[27.52245033,37.22697103],[27.52732646,37.22972631],[27.52091408,37.23950517],[27.53253984,37.24095786],[27.53496635,37.25134873],[27.55213761,37.24470818],[27.54117167,37.25481796],[27.55717206,37.27759492],[27.58101726,37.27132571],[27.59478426,37.28791785],[27.60203135,37.28507721],[27.60051775,37.27488935],[27.60745084,37.28151035],[27.61637902,37.27383566],[27.60780084,37.26910758],[27.61102414,37.25751054],[27.59919608,37.24138772],[27.58929193,37.23710406],[27.58695674,37.22253454],[27.5752809,37.21534348],[27.59343255,37.19900846],[27.60846531,37.19947302],[27.60325444,37.19518065],[27.61494994,37.18790185],[27.60030377,37.19604492],[27.59792173,37.18261385],[27.57474506,37.17899847],[27.59345496,37.19392741],[27.57077742,37.21143901],[27.55468965,37.1928755],[27.52620745,37.19367766],[27.54638541,37.18377066],[27.53769946,37.17262197],[27.55024731,37.16629171],[27.53987718,37.16224897],[27.54169917,37.15410328],[27.56090987,37.15427256],[27.54996645,37.13578773],[27.58138216,37.13633084],[27.56959832,37.12701261],[27.53745973,37.12866676],[27.53122294,37.11828363],[27.48884153,37.10116196],[27.49079037,37.09484911],[27.47410774,37.08184695],[27.45790803,37.08218992],[27.45929408,37.09692311],[27.44548738,37.09963882],[27.43033516,37.12833166],[27.4148277,37.11696768],[27.41989982,37.12742591],[27.41037405,37.13446462],[27.39581835,37.11911464],[27.38663733,37.12034035],[27.37636912,37.13379252],[27.38998473,37.14547813],[27.37784016,37.14198554],[27.37750161,37.15090215],[27.36457777,37.15702808],[27.36317194,37.14577937],[27.35086822,37.14426458],[27.34617031,37.13036764],[27.34024274,37.13282907],[27.34325445,37.14976525],[27.32334065,37.15912604],[27.32856143,37.14552188],[27.31171227,37.13837206],[27.31895864,37.1200788],[27.31132352,37.1152271],[27.30549395,37.12383187],[27.30489755,37.11503434],[27.28417778,37.12593281],[27.27349496,37.14051056],[27.26359642,37.13285291],[27.26388931,37.12001348],[27.25540054,37.13081896],[27.25471544,37.11161315],[27.28003895,37.12045205],[27.28966153,37.11953771],[27.29340136,37.11043108],[27.26401472,37.09243131],[27.25403464,37.09404194],[27.25179195,37.08189178],[27.23921382,37.08329844],[27.23885095,37.06610656],[27.22525418,37.05810416],[27.23745596,37.05189061],[27.23005974,37.03965485],[27.24982846,37.03142667],[27.25944388,37.00016391],[27.25523055,36.97674215],[27.26426744,36.96412134],[27.27876115,36.96601605],[27.28631735,36.95774233],[27.28410447,36.96540391],[27.29360545,36.96820676],[27.30374634,36.95728016],[27.30028641,36.97228682],[27.31884468,36.97747815],[27.33244407,36.98906362],[27.33013785,36.9985224],[27.34064746,36.99931586],[27.33002555,37.00404215],[27.33235276,37.01539361],[27.38254476,37.02627134],[27.37589991,36.99865925],[27.38898182,37.00609362],[27.39609146,37.02905905],[27.40990901,37.03044713],[27.40028036,37.01853132],[27.40881658,37.02313006],[27.41251612,37.0167191],[27.42486942,37.03574085],[27.43860126,37.03083265],[27.45018494,37.01074445],[27.48241174,36.98632395],[27.50794923,36.98529112],[27.51811445,36.99503136],[27.54851687,36.98727286],[27.54547787,36.98281944],[27.55939674,36.98488724],[27.56540418,36.97466993],[27.56533205,36.98187184],[27.57619715,36.98355103],[27.56300497,36.98922634],[27.58259654,36.99449646],[27.63708198,36.97769856],[27.64751196,36.98042405],[27.64220691,36.98438692],[27.64761186,36.99773133],[27.66220617,36.99462378],[27.68557155,37.00329185],[27.7072978,36.99618232],[27.73369741,37.00090587],[27.73381186,36.99287534],[27.75586545,37.00071812],[27.75838017,36.99031854],[27.77482092,36.99215746],[27.77691495,36.99884927],[27.78122377,36.99251628],[27.78926182,36.99832475],[27.78706825,37.00584805],[27.80014694,37.00270104],[27.79931164,36.99485207],[27.8206892,37.01149035],[27.89296091,37.0283885],[27.90791798,37.02205348],[27.92628455,37.03076744],[27.94655085,37.01596475],[27.97905636,37.03177035],[28.02677584,37.02157164],[28.07887054,37.02158105],[28.08753955,37.02870762],[28.09037614,37.02101994],[28.10104024,37.02031434],[28.09874463,37.01168931],[28.11591363,37.01606035],[28.09834743,37.02852356],[28.10201633,37.03457963],[28.16331935,37.02880955],[28.19777214,37.03981245],[28.32666242,37.04863465],[28.3260287,37.02596056],[28.2672621,37.01565385],[28.24512923,37.00283635],[28.25723171,36.99427235],[28.25055516,36.98969078],[28.21600306,36.99848795],[28.2153666,36.98533833],[28.19754386,36.98199606],[28.21603703,36.97682571],[28.20126784,36.96913648],[28.20576382,36.95205677],[28.18969452,36.94002414],[28.18815792,36.94774771],[28.17418158,36.95174146],[28.17328835,36.94526756],[28.16822004,36.95151341],[28.15829575,36.94486225],[28.17050898,36.93965244],[28.16155195,36.93563902],[28.17293704,36.92622745],[28.16822124,36.90681505],[28.16002822,36.90777695],[28.15969765,36.92595196],[28.14820731,36.92800653],[28.14574921,36.91900325],[28.13897777,36.93441474],[28.13507807,36.92895281],[28.09810293,36.9404062],[28.09389853,36.93084025],[28.09200132,36.93770897],[28.07409894,36.94205618],[28.04453635,36.93609476],[28.07325041,36.92954481],[28.04307032,36.92067015],[28.02133536,36.92540884],[28.04376662,36.91026533],[28.01465225,36.90559912],[28.05131745,36.89648795],[28.04067635,36.88432443],[28.05932736,36.87880194],[28.04711843,36.87094855],[28.05339897,36.86551476],[28.02952695,36.85697985],[28.01681125,36.86369646],[28.01617527,36.85717797],[28.00025773,36.85331917],[28.01434088,36.85370338],[28.01817453,36.84651494],[28.01211631,36.84516132],[28.03131521,36.83883035],[28.00265491,36.83529174],[28.01835561,36.82760906],[28.05587435,36.83364987],[28.05343056,36.82539213],[28.06510663,36.82353282],[28.05596411,36.8163743],[28.06040812,36.80077505],[28.04258478,36.80018663],[28.03283274,36.78776026],[27.99125087,36.80077434],[27.92052841,36.79690564],[27.90442777,36.80942404],[27.85769784,36.8036586],[27.82605183,36.81303263],[27.78442645,36.80326092],[27.77156937,36.78858781],[27.69696772,36.78522635],[27.67645586,36.80152464],[27.64124525,36.81072867],[27.64153743,36.80054772],[27.62341881,36.79732835],[27.62824774,36.78134358],[27.60954738,36.76398265],[27.57993424,36.76801777],[27.51191366,36.75005221],[27.47670925,36.75041223],[27.47595692,36.75821543],[27.46464431,36.76217532],[27.44782841,36.74474323],[27.42661071,36.74684584],[27.4168359,36.73218787],[27.42217886,36.71502304],[27.40703595,36.70397484],[27.36202776,36.70866191],[27.37320101,36.68981946],[27.36304104,36.68446672],[27.40237725,36.68007195],[27.4051826,36.66239822],[27.42137825,36.67048848],[27.46837473,36.66138136],[27.477548,36.64706612],[27.51400495,36.67700243],[27.53243911,36.67081511],[27.55290985,36.68185365],[27.56116366,36.67971051],[27.56092143,36.67211962],[27.57355416,36.68459857],[27.59764135,36.67799795],[27.6067667,36.68263566],[27.62701535,36.67112482],[27.63858592,36.67502165],[27.65171361,36.66361368],[27.67847073,36.65764463],[27.67222142,36.66055357],[27.67642546,36.70043385],[27.69122386,36.70231652],[27.69627166,36.71207476],[27.68673933,36.72521317],[27.73082221,36.76314187],[27.79538977,36.75506187],[27.81610274,36.76305044],[27.83587563,36.75498915],[27.83724725,36.74456966],[27.85851586,36.74114883],[27.87115467,36.74444771],[27.87776852,36.75765634],[27.88955152,36.75479066],[27.89081752,36.74086845],[27.89907086,36.74244952],[27.89441895,36.75635493],[27.91975605,36.75444174],[27.92053914,36.74226427],[27.92982316,36.74211001],[27.95615554,36.76077998],[27.96716225,36.75991714],[27.96725404,36.75201654],[27.97674751,36.76199424],[27.98429406,36.75649321],[28.00873017,36.76490283],[28.01417375,36.75846064],[28.03157175,36.76578546],[28.04697585,36.78480363],[28.04050326,36.77197742],[28.05109561,36.75948834],[28.05266285,36.76599932],[28.06475544,36.76613355],[28.06437743,36.77391171],[28.07886386,36.77515042],[28.08163846,36.78534031],[28.07358885,36.78782797],[28.08229351,36.79594946],[28.11027944,36.80389094],[28.12753117,36.79908347],[28.13185823,36.79396558],[28.12224722,36.77358842],[28.13353765,36.75704312],[28.12849235,36.75436532],[28.11188304,36.77439511],[28.11322916,36.76416075],[28.10005784,36.76806784],[28.084396,36.74853468],[28.08858073,36.74063945],[28.1298449,36.72641766],[28.11311805,36.72814953],[28.11515558,36.72009885],[28.10195875,36.70601213],[28.08960545,36.70851874],[28.08527827,36.71841264],[28.09867704,36.72646892],[28.08209157,36.72776937],[28.04825461,36.71924603],[28.04235053,36.70382023],[28.01713574,36.70770323],[28.00839162,36.69735825],[28.00181246,36.70404863],[27.98207295,36.69419217],[27.98352897,36.68433702],[27.97832835,36.6828227],[27.97698545,36.69269276],[27.96363366,36.68378711],[27.96430886,36.67561316],[28.02417505,36.66812837],[28.04063606,36.67398834],[28.03382587,36.68653858],[28.0409286,36.69270027],[28.05230153,36.68314934],[28.04986322,36.67358053],[28.07256925,36.67498243],[28.05272591,36.65747976],[28.06811786,36.6556375],[28.06213331,36.65096724],[28.06829202,36.64800572],[28.05316091,36.64193594],[28.05731416,36.63546526],[28.07233763,36.66016734],[28.08353496,36.66005564],[28.09572542,36.64494348],[28.06227481,36.60489726],[27.96298122,36.60705495],[27.95648718,36.60048282],[27.97870421,36.58596063],[27.96522164,36.57996595],[27.98027563,36.5677433],[27.97934568,36.55356956],[27.99776673,36.56781852],[28.01751244,36.56420982],[28.01182401,36.57612705],[28.02655435,36.56768501],[28.02492535,36.56095123],[28.03567076,36.5630393],[28.0506252,36.57242692],[28.04458642,36.57686985],[28.04874575,36.58412385],[28.05119634,36.57820141],[28.06657994,36.59510982],[28.09482503,36.5848422],[28.11558497,36.60084355],[28.14626932,36.6439712],[28.14275515,36.65047097],[28.16338026,36.66631365],[28.15566075,36.67354727],[28.16369724,36.68377757],[28.17625976,36.67898786],[28.20220625,36.69106114],[28.22456014,36.68826175],[28.22225642,36.69709671],[28.23362625,36.69997466],[28.22591543,36.70235145],[28.23961616,36.71750486],[28.24759936,36.71598995],[28.25475454,36.73043931],[28.26668795,36.73015223],[28.22081767,36.4582759],[28.19791722,36.42784131],[28.18393815,36.42027914],[28.11815524,36.41929746],[28.05390513,36.39810824],[27.961308,36.35383713],[27.91504633,36.34250808],[27.878322,36.32217026],[27.84603381,36.28354311],[27.80531526,36.27032018],[27.7896322,36.24261558],[27.78857148,36.21865976],[27.76787114,36.18849993],[27.75334334,36.18637896],[27.73496282,36.16942406],[27.68523407,36.15602756],[27.69045556,36.14366364],[27.70660651,36.14796448],[27.71571398,36.13105404],[27.70690167,36.11950266],[27.71070945,36.11257112],[27.75035906,36.10517514],[27.76029074,36.09023833],[27.75449038,36.00880682],[27.71757376,35.94064951],[27.73456347,35.91457057],[27.76254916,35.89695156],[27.7487128,35.87650388],[27.21174026,35.53472185],[27.21991825,35.54646373],[27.20548952,35.55768681],[27.20493221,35.57325327],[27.18921888,35.57743788],[27.17917895,35.58763325],[27.18165052,35.59607005],[27.15977097,35.60258806],[27.15121484,35.61519182],[27.16364646,35.62283015],[27.15768051,35.63100576],[27.16181755,35.65476],[27.19348514,35.6826508],[27.19165957,35.69879997],[27.22007978,35.73000956],[27.21802187,35.75233555],[27.20973813,35.75876057],[27.21200466,35.77849185],[27.23110354,35.79685295],[27.23582256,35.82472587],[27.21029294,35.83101225],[27.18917823,35.80320096],[27.16277587,35.80336905],[27.1621716,35.72616255],[27.13873303,35.70881236],[27.13697457,35.69435823],[27.12391412,35.68429947],[27.11632574,35.66530335],[27.1236757,35.65603936],[27.11742866,35.65205395],[27.12071824,35.64388502],[27.08995807,35.62831914],[27.08297443,35.62144017],[27.08761275,35.61392105],[27.06107581,35.59797347],[27.06593847,35.58629155],[27.07830691,35.58157682],[27.07704794,35.56897163],[27.10174477,35.56021655],[27.11281335,35.54482746],[27.10255563,35.53544772],[27.1086241,35.53134954],[27.10499716,35.51191807],[27.11920786,35.48483336],[27.11438394,35.47588325],[27.10331464,35.47681296],[27.11219478,35.47213244],[27.08336628,35.45438325],[27.08794475,35.45076644],[27.07934904,35.44381595],[27.10074043,35.4367609],[27.11249173,35.42359221],[27.13122737,35.42695451],[27.14447391,35.40842426],[27.13420205,35.39875267],[26.31286335,35.19809604],[26.30180645,35.18674755],[26.27888465,35.19484484],[26.26700723,35.21057403],[26.27757788,35.22301567],[26.26367033,35.26638615],[26.28821623,35.27553344],[26.29086936,35.28919303],[26.30736315,35.29336035],[26.30267346,35.30154955],[26.31457293,35.30642033],[26.31239784,35.31694651],[26.2895447,35.31330586],[26.28373814,35.3041476],[26.30022645,35.30037475],[26.27354038,35.2954452],[26.2880367,35.28500497],[26.26017177,35.28034472],[26.25445604,35.27219093],[26.24662352,35.28178644],[26.23612475,35.27955031],[26.23044205,35.27392054],[26.23671675,35.26934934],[26.22168946,35.26665676],[26.22591925,35.25083017],[26.21359217,35.23892295],[26.20385373,35.2413094],[26.20785165,35.23506916],[26.19596052,35.22688246],[26.18137622,35.22400415],[26.1868906,35.21133244],[26.16262543,35.19878471],[26.13533092,35.19561815],[26.11165583,35.20375526],[26.11760116,35.22303307],[26.11255896,35.22796285],[26.08336234,35.21856165],[26.06861925,35.22045696],[26.06130314,35.23650146],[26.04901016,35.22496414],[26.02680421,35.22987831],[25.99829531,35.19892764],[25.96313345,35.20042932],[25.95415425,35.18319225],[25.91977835,35.17921615],[25.89688432,35.18731415],[25.89483654,35.17201805],[25.87987864,35.15969825],[25.86323833,35.15206397],[25.85831666,35.15950024],[25.84722483,35.15699542],[25.84347606,35.13940322],[25.81111872,35.10948944],[25.75992274,35.13060021],[25.72855806,35.12904632],[25.72976935,35.14912641],[25.72162461,35.14793563],[25.72365594,35.15486014],[25.71121275,35.16617274],[25.70970941,35.17757106],[25.72279131,35.18923962],[25.71339166,35.19769287],[25.72033477,35.20175827],[25.71428585,35.21961546],[25.74039125,35.23176777],[25.73231864,35.24288237],[25.73500061,35.25572836],[25.72198224,35.26689517],[25.73061085,35.28871024],[25.72733748,35.30287182],[25.76317322,35.31951094],[25.77304101,35.34114921],[25.69870114,35.3358587],[25.65978813,35.34794247],[25.58760607,35.33203125],[25.57311416,35.31929195],[25.54365063,35.32083225],[25.48723996,35.29523754],[25.44267273,35.29175234],[25.39199817,35.31823516],[25.38141477,35.33842075],[25.23623776,35.33015466],[25.19759226,35.33203125],[25.18558073,35.34513736],[25.15352345,35.34804344],[25.09277892,35.33716714],[25.05608785,35.34083188],[25.03997445,35.35960174],[25.03729475,35.37952328],[25.04967487,35.39295435],[25.04458833,35.40517294],[25.02698398,35.39939117],[25.01890111,35.40494406],[25.01841426,35.42028427],[24.98955011,35.41395736],[24.97340655,35.43226147],[24.95510924,35.40209234],[24.92752743,35.40988934],[24.91877294,35.40359736],[24.88583088,35.42203641],[24.87529922,35.42207992],[24.87321866,35.40961754],[24.83512151,35.40611041],[24.82661784,35.41539884],[24.81963384,35.40842497],[24.78850973,35.40711594],[24.78310561,35.42101204],[24.69949496,35.42710555],[24.69331837,35.41893113],[24.64835322,35.41997254],[24.61379385,35.39331162],[24.55235231,35.37546742],[24.48646235,35.36694241],[24.46905744,35.37348831],[24.45804214,35.36446953],[24.4205991,35.36941016],[24.41027522,35.36032617],[24.37564707,35.36241901],[24.35515225,35.35052383],[24.28392231,35.35443974],[24.26570845,35.36013615],[24.2574954,35.37665522],[24.26768434,35.39945686],[24.26373684,35.41467035],[24.27113533,35.41962194],[24.25417757,35.43038452],[24.25874805,35.45238125],[24.24339116,35.47502303],[24.18751216,35.44928408],[24.15212405,35.47160637],[24.12357461,35.46989536],[24.08658803,35.48940325],[24.06160641,35.49238205],[24.06150413,35.49902904],[24.08087015,35.50867951],[24.15770853,35.49420643],[24.18397284,35.50552583],[24.20244575,35.53829515],[24.19062805,35.56729627],[24.17575765,35.58672643],[24.12798965,35.60162902],[24.1000303,35.59772956],[24.09669626,35.59079921],[24.07792425,35.59259605],[24.06897175,35.58329105],[24.08639765,35.55403864],[24.06671262,35.54773521],[24.0577383,35.55568194],[24.06315446,35.54871023],[24.05238152,35.55138576],[24.04779673,35.52439523],[24.02842951,35.51639175],[24.02086651,35.52038264],[23.99425435,35.51149654],[23.98265934,35.51817131],[23.97335565,35.51149821],[23.93040395,35.52306986],[23.90436542,35.51876164],[23.84251535,35.52713156],[23.83171725,35.53582335],[23.80587888,35.53602254],[23.77943862,35.54723322],[23.77845788,35.6016767],[23.76759362,35.63301337],[23.77222312,35.63595235],[23.76276696,35.6483798],[23.77442586,35.66805565],[23.73777282,35.69583321],[23.70775294,35.65871906],[23.70217085,35.63494921],[23.71298075,35.62226737],[23.70800555,35.59563625],[23.72374523,35.57120526],[23.72867644,35.54590094],[23.72094393,35.51115167],[23.65832186,35.49841332],[23.64020574,35.50650966],[23.63841832,35.51978195],[23.63015938,35.51286316],[23.61567748,35.5184834],[23.61311352,35.56499398],[23.60500276,35.56964505],[23.60251856,35.59217763],[23.61063516,35.60305381],[23.59427321,35.63968146],[23.32553196,35.82503891],[23.32728636,35.85419083],[23.31224787,35.88681436],[23.29335284,35.89206326],[23.28961205,35.88267457],[23.28608811,35.89567375],[22.98927915,36.13580275],[22.99869776,36.14529157],[23.00550961,36.13606596],[23.02171207,36.14197087],[23.04804838,36.12969077],[23.05117536,36.14556921],[23.05951965,36.14363277],[23.04755986,36.15708184],[23.04526341,36.17569542],[23.05416322,36.21695185],[23.07328212,36.22652078],[23.09162211,36.21919727],[23.10599446,36.23590696],[23.10105157,36.25010562],[23.09012032,36.25193453],[23.04837406,36.28931785],[22.98605597,36.32165384],[22.97510517,36.35252511],[22.95141375,36.38574457],[22.92877865,36.37795877],[22.95064723,36.47405064],[22.97371137,36.47430181],[22.97170305,36.46221161],[22.98074746,36.46702361],[22.98740053,36.45513046],[22.99247444,36.46870554],[22.98231268,36.47732007],[22.98780417,36.48352325],[22.98064876,36.50965536],[22.95954323,36.50759673],[22.96828723,36.52092028],[22.98547733,36.51704276],[23.02223206,36.52843034],[23.05640936,36.51152551],[23.06856525,36.49786556],[23.06262422,36.47429657],[23.0860213,36.43919003],[23.1058284,36.4411813],[23.13113165,36.42752767],[23.14495146,36.44109476],[23.1986922,36.43479407],[23.20273614,36.45021737],[23.17923474,36.46858954],[23.16758037,36.46687055],[23.16516507,36.48388314],[23.14553475,36.4858222],[23.13036168,36.49782002],[23.14272785,36.51159132],[23.13973427,36.52687681],[23.15350854,36.53581381],[23.1335572,36.54139435],[23.12730444,36.55939102],[23.10961735,36.55973744],[23.06751311,36.58569515],[23.05779314,36.60725212],[23.03238451,36.62583566],[23.02701461,36.66214681],[23.03883398,36.68535495],[23.05955982,36.68987072],[23.03454554,36.69041026],[23.02583873,36.7271378],[23.04678655,36.73065627],[23.04736304,36.74263155],[23.05742764,36.74506021],[23.08654034,36.72879386],[23.09183192,36.73679256],[23.08463454,36.75935662],[23.1108582,36.77399075],[23.09994316,36.77794373],[23.09837484,36.78819346],[23.08729696,36.78415382],[23.09096408,36.79500771],[23.08378792,36.80981696],[23.09017563,36.81924212],[23.07758045,36.81984603],[23.07360744,36.83022106],[23.05313063,36.83835256],[23.05865812,36.8424896],[23.03885281,36.85816824],[23.05160916,36.86183417],[23.01270533,36.93785834],[23.02056801,36.94544625],[23.00691605,36.95819676],[23.01185906,36.97011161],[22.9921571,36.97297204],[22.99701285,36.98380375],[23.00726187,36.98481715],[23.00063622,36.99986052],[23.00539005,37.00809824],[22.99614072,37.01754296],[23.00529575,37.02402282],[22.96445274,37.07015193],[22.98316634,37.07082021],[22.98452103,37.08462751],[22.96250212,37.08942151],[22.96480572,37.09668505],[22.95488155,37.09855604],[22.96100652,37.10732865],[22.9550631,37.11853564],[22.93027306,37.11893666],[22.91812217,37.10812676],[22.89725268,37.11955321],[22.89256954,37.14418793],[22.89969575,37.17644405],[22.91230404,37.18899691],[22.89438951,37.20095456],[22.89408934,37.21850431],[22.87658453,37.24470007],[22.85482526,37.25590992],[22.86277401,37.27003467],[22.83945823,37.27841413],[22.84323525,37.29256165],[22.83541048,37.2928009],[22.82153511,37.31327772],[22.82781374,37.32232475],[22.80962455,37.32886207],[22.81706321,37.33742022],[22.80571067,37.34043467],[22.79929161,37.35895693],[22.77455354,37.38646054],[22.75261521,37.39382827],[22.77188516,37.42370617],[22.74785161,37.44140625],[22.75008798,37.46357846],[22.72784925,37.48590922],[22.73971415,37.51649547],[22.71787965,37.56374145],[22.74942768,37.58562326],[22.77695215,37.59051013],[22.80161631,37.57285726],[22.79187071,37.56220114],[22.82198358,37.54442942],[22.81996346,37.52779603],[22.83003235,37.52865171],[22.85204184,37.5124408],[22.86788356,37.52713394],[22.89609885,37.53261554],[22.92859554,37.52319241],[22.91665494,37.53440714],[22.92917633,37.53495288],[22.93709946,37.51971626],[22.98054326,37.51382995],[23.00355697,37.47248125],[23.00192714,37.45995712],[23.04240525,37.48096395],[23.05445087,37.46539426],[23.04297638,37.45742273],[23.05626082,37.45067942],[23.12111974,37.45078766],[23.11997461,37.44098425],[23.13193405,37.43884206],[23.13117814,37.42146266],[23.14291096,37.41501296],[23.13310266,37.40968251],[23.11112857,37.42227078],[23.11175513,37.40082288],[23.10122144,37.39064062],[23.06328905,37.39209938],[23.07519293,37.36472023],[23.06609941,37.3524512],[23.11140585,37.35034513],[23.13840354,37.32750642],[23.11041796,37.33316934],[23.12704742,37.31362796],[23.14162076,37.31818688],[23.14514065,37.32712412],[23.15355515,37.32533884],[23.15594482,37.31616664],[23.13623035,37.30791795],[23.17382145,37.28494334],[23.18362462,37.29459643],[23.20015883,37.29123998],[23.20161426,37.30441904],[23.1802268,37.32217336],[23.19108486,37.33970332],[23.27686226,37.34628141],[23.26603043,37.35573733],[23.2467159,37.35533762],[23.25873482,37.36717165],[23.23978305,37.37011504],[23.23225021,37.36214554],[23.2247076,37.37598336],[23.23531854,37.38358617],[23.26045763,37.38370943],[23.24769747,37.38784325],[23.2614845,37.38940418],[23.26789951,37.40582514],[23.30950856,37.39317167],[23.31049275,37.40193725],[23.33830524,37.41400385],[23.40381634,37.41204631],[23.39978814,37.40757012],[23.41039765,37.40380204],[23.51738322,37.43059325],[23.52440441,37.43648982],[23.51470757,37.44104505],[23.52020276,37.45330906],[23.49786377,37.4731729],[23.47899246,37.47495163],[23.47729754,37.48587704],[23.43853331,37.50417995],[23.39159727,37.50941658],[23.39028335,37.51832652],[23.40798116,37.51741433],[23.4183712,37.53058577],[23.36559427,37.55903363],[23.38631535,37.56017041],[23.38861597,37.57668507],[23.4072113,37.59201455],[23.41450775,37.61847878],[23.39824653,37.63738108],[23.34428585,37.63652766],[23.30750442,37.61740053],[23.30405676,37.61009443],[23.32403266,37.60804594],[23.35917652,37.57598913],[23.35821188,37.56112635],[23.36714745,37.55316877],[23.33250368,37.53231382],[23.27067316,37.55596864],[23.26388025,37.57312906],[23.244192,37.58537924],[23.22805095,37.58589745],[23.15873933,37.6171875],[23.15974355,37.63093925],[23.16999126,37.63294697],[23.1585741,37.63774943],[23.17063045,37.63972366],[23.17038226,37.65104365],[23.15074408,37.67478168],[23.17781365,37.71707797],[23.15875006,37.71332312],[23.11838686,37.73106945],[23.12917876,37.73442507],[23.11756134,37.75571835],[23.12828457,37.76554835],[23.12905145,37.75780106],[23.15138924,37.75671053],[23.17909145,37.77672791],[23.17909455,37.80345964],[23.16655481,37.80590618],[23.14275455,37.83245134],[23.11651385,37.84011567],[23.11418867,37.84761226],[23.06417656,37.8393234],[23.04651523,37.84760988],[23.01188385,37.84463572],[22.99212897,37.8798753],[23.01757681,37.89944458],[23.00869691,37.91400385],[23.01520967,37.92308748],[23.02567256,37.91752911],[23.05093181,37.92183578],[23.05990434,37.91190112],[23.13192701,37.91939151],[23.16688824,37.94870865],[23.19742846,37.95388317],[23.24266005,37.97558534],[23.27763855,37.97757995],[23.30520165,37.96920073],[23.35021651,37.97759235],[23.420506,37.96875],[23.38781655,37.98000991],[23.41555154,37.98734248],[23.41894984,37.99832237],[23.45121551,38.02346265],[23.48724496,38.02418578],[23.52038586,38.04365087],[23.54180884,38.03079271],[23.56679702,38.03835964],[23.56839812,38.04689932],[23.60267127,38.0224086],[23.59102225,38.00151706],[23.57049823,37.99971676],[23.56922102,37.98829198],[23.55240202,37.97978926],[23.5549587,37.95814955],[23.57246125,37.96144986],[23.59488904,37.95114255],[23.60896182,37.95895791],[23.60237122,37.95470905],[23.6082561,37.95007503],[23.59741986,37.94918335],[23.62153077,37.93854547],[23.64147115,37.94801652],[23.62209201,37.93471003],[23.6314733,37.9261198],[23.66755295,37.94081545],[23.68787122,37.93785095],[23.68103194,37.9290899],[23.69985855,37.91893494],[23.70046377,37.91089106],[23.71620643,37.90700281],[23.72717893,37.87092996],[23.75046515,37.85772026],[23.73946583,37.84824884],[23.74865317,37.85024333],[23.7695837,37.83469105],[23.76868093,37.81768024],[23.75598908,37.81315672],[23.77295613,37.81017256],[23.76624584,37.80386674],[23.77079844,37.79725385],[23.77937984,37.81298125],[23.78709996,37.79662466],[23.79742992,37.79946327],[23.80132174,37.81518793],[23.8116194,37.82023931],[23.82945681,37.80920374],[23.83615196,37.81800115],[23.85034037,37.80435884],[23.86851156,37.80019867],[23.88901317,37.78317845],[23.88639033,37.77317083],[23.89221203,37.77924025],[23.90138555,37.77327144],[23.90994644,37.71977067],[23.93365943,37.71942496],[23.93479526,37.72597921],[23.94625771,37.72088444],[23.93556941,37.70790613],[23.93771374,37.67170501],[23.97262287,37.66633093],[23.98037136,37.65567935],[23.99019158,37.66274476],[24.02093113,37.65757477],[24.03069365,37.64819336],[24.05326235,37.67847776],[24.06704736,37.67531157],[24.064152,37.68104541],[24.07325852,37.68261754],[24.05745995,37.70901465],[24.06784356,37.71286035],[24.06507623,37.72069895],[24.05360282,37.72977054],[24.06069422,37.73828113],[24.07165742,37.73419964],[24.06525981,37.74368453],[24.08224952,37.74413228],[24.07403254,37.75655365],[24.08022034,37.75793791],[24.08621454,37.79366004],[24.04646826,37.82240784],[24.06081867,37.82771695],[24.04872835,37.83689582],[24.05840278,37.85542214],[24.04087126,37.86344373],[24.04441404,37.87526858],[24.02426922,37.87028372],[24.01470435,37.88224745],[24.02233005,37.88430405],[24.00912547,37.88865483],[24.04295695,37.89385474],[24.04701006,37.90150726],[24.02965868,37.92394936],[24.00278163,37.92563736],[24.01806605,37.94298744],[24.00724804,37.96499693],[24.01000261,37.98006713],[24.03183603,37.99205208],[24.01992548,38.01653373],[24.00028956,38.03307831],[24.00354636,38.06667244],[23.98578203,38.08306575],[23.98063695,38.10672617],[24.00952041,38.13083994],[24.03922248,38.14194882],[24.05234444,38.14193606],[24.05755842,38.12113047],[24.06129956,38.15873444],[24.08073723,38.16493535],[24.05814075,38.18210006],[24.07444704,38.19098365],[24.07345223,38.19947445],[24.05042207,38.20746017],[24.04663694,38.21721888],[24.0020858,38.24331975],[23.95436585,38.28526235],[23.83250356,38.31227863],[23.80697751,38.32832885],[23.78658962,38.32158935],[23.76815355,38.33884156],[23.73619783,38.33206677],[23.72814882,38.34105015],[23.69794071,38.33680964],[23.65884376,38.35034716],[23.63115275,38.37760985],[23.63233972,38.41032124],[23.59583294,38.41616654],[23.60342348,38.42715967],[23.59278238,38.43731451],[23.60016871,38.44039798],[23.56644428,38.45120418],[23.57502961,38.46239901],[23.58902276,38.46260571],[23.59268558,38.47249961],[23.55167687,38.5068109],[23.537799,38.51030314],[23.51361108,38.47996414],[23.4791373,38.48566926],[23.46479285,38.49923992],[23.41163003,38.49888182],[23.40472937,38.50935853],[23.35518885,38.50899816],[23.35138953,38.50128734],[23.33030164,38.4989078],[23.33157194,38.51740265],[23.37816405,38.52628458],[23.35555196,38.53704453],[23.32875311,38.53645575],[23.33347893,38.54244256],[23.31904793,38.55397427],[23.31564164,38.56975436],[23.28590584,38.56103384],[23.288854,38.57136404],[23.31097996,38.58604336],[23.30639446,38.58894265],[23.34090972,38.60462511],[23.33574617,38.62425935],[23.31306708,38.64223886],[23.2834053,38.64952397],[23.25517535,38.64338565],[23.19543982,38.68017674],[23.16464841,38.67446816],[23.19231617,38.65633822],[23.19012845,38.64935136],[23.16590083,38.64091945],[23.14103794,38.64625514],[23.13087595,38.63284588],[23.10624433,38.62459803],[23.09724033,38.64141154],[23.08735692,38.64021075],[23.08239663,38.66251087],[23.06460536,38.67950392],[23.06424081,38.72214007],[23.03361285,38.75539637],[22.96888757,38.74401498],[22.89997065,38.77615321],[22.86457026,38.75421166],[22.82447696,38.7899245],[22.80935931,38.78026807],[22.76536846,38.78127682],[22.72399867,38.82433641],[22.70655584,38.83018744],[22.69702733,38.85144877],[22.66153216,38.83202231],[22.63953841,38.83057237],[22.63051331,38.83777988],[22.60465717,38.82150936],[22.60101783,38.84202826],[22.59048295,38.84142184],[22.59069002,38.82687032],[22.57915366,38.82358933],[22.57272065,38.83982074],[22.55330074,38.83376551],[22.55179417,38.84238124],[22.55854022,38.8446058],[22.55153346,38.84989393],[22.57858777,38.86485052],[22.53159654,38.85720885],[22.56028187,38.87356508],[22.54669476,38.87469316],[22.54829347,38.88085651],[22.61312056,38.9112128],[22.64776337,38.90316534],[22.66929007,38.88102365],[22.69443405,38.87770081],[22.70913267,38.88736606],[22.72419536,38.87415135],[22.75351715,38.86883235],[22.77430582,38.88021266],[22.78547645,38.87590682],[22.80298615,38.88696134],[22.82808912,38.88755584],[22.84097707,38.89374256],[22.83900356,38.91047275],[22.85617304,38.92631257],[22.91805804,38.91831183],[22.94028807,38.92827272],[22.93284726,38.93819666],[22.93718386,38.94452894],[22.9503653,38.93694162],[22.97135591,38.95250225],[22.99140596,38.94446266],[22.99365103,38.96428323],[23.00960052,38.97531605],[23.02668035,39.01462877],[23.05686045,39.01532066],[23.06758654,39.03934026],[23.03324616,39.03698981],[22.96926093,39.00572264],[22.95840323,39.00864518],[22.96579945,39.02036393],[22.95871556,39.0234375],[22.96303105,39.03319275],[22.99688876,39.03580272],[22.98985553,39.04290545],[22.99618936,39.04917455],[22.98772907,39.05341673],[23.00011385,39.06583715],[22.97972214,39.08106518],[22.98308563,39.09841585],[22.96762311,39.10820043],[22.96497345,39.11881137],[22.94544268,39.1194967],[22.93548322,39.13195002],[22.93098593,39.12499487],[22.94173312,39.11330295],[22.92257667,39.11305284],[22.91254771,39.1583966],[22.90202725,39.17113996],[22.8894248,39.16795015],[22.89077044,39.18878543],[22.86996162,39.18623424],[22.88087296,39.16942501],[22.87215912,39.16955364],[22.8621459,39.15329444],[22.85059333,39.15376615],[22.84940684,39.16848981],[22.82135892,39.21135557],[22.81449926,39.25758123],[22.82192886,39.27620971],[22.87775612,39.29239595],[22.89566565,39.28692305],[22.90499985,39.29479444],[22.94692636,39.29867196],[22.92587662,39.32008648],[22.94369674,39.34326625],[22.92794848,39.35242295],[22.94089425,39.36108482],[22.97124934,39.34729707],[22.99281204,39.35097218],[23.01112437,39.33885765],[23.02035284,39.31546807],[23.11944163,39.30519795],[23.163818,39.27247143],[23.18123877,39.24889064],[23.17668855,39.22836912],[23.18592465,39.22336173],[23.18945372,39.20770824],[23.21869934,39.18650305],[23.21364403,39.14793265],[23.20453882,39.14291072],[23.19141912,39.14935458],[23.19297695,39.16069734],[23.18304825,39.15314603],[23.18207467,39.16019845],[23.17363715,39.15164721],[23.17728257,39.12768352],[23.14878261,39.13168335],[23.15632665,39.11948228],[23.14040875,39.1208992],[23.10874283,39.10046744],[23.09402883,39.09687912],[23.09933865,39.11383557],[23.12291455,39.13580823],[23.11104345,39.13740933],[23.10957766,39.16003573],[23.0938915,39.14274085],[23.07839715,39.14645422],[23.06711662,39.13636816],[23.06732166,39.11706245],[23.04976153,39.10074663],[23.07212186,39.08518386],[23.12196446,39.08315742],[23.13514388,39.09544861],[23.15911281,39.09076476],[23.16437864,39.09935415],[23.18860745,39.10399973],[23.20302856,39.09476316],[23.203125,39.10323656],[23.22634387,39.11104727],[23.20688784,39.11789274],[23.21099806,39.12637293],[23.22159696,39.13219285],[23.24919283,39.12601364],[23.27190995,39.14015424],[23.30631423,39.14006507],[23.33549654,39.15957308],[23.35169435,39.18636131],[23.33320367,39.21070075],[23.3329463,39.22316945],[23.31603265,39.23652887],[23.31820333,39.24539995],[23.2836951,39.27523816],[23.28615928,39.28932786],[23.27602172,39.29574394],[23.26987815,39.32301164],[23.20799375,39.36420977],[23.19330573,39.39746797],[23.16971505,39.40857291],[23.12122822,39.45465946],[23.09625387,39.49983132],[23.05025911,39.52815485],[23.02058983,39.52876616],[23.00401473,39.55106032],[22.98483646,39.54982674],[22.97548532,39.56125855],[22.93536437,39.57466352],[22.90896237,39.61450756],[22.89147663,39.67960203],[22.86752605,39.7265625],[22.85332048,39.79982305],[22.81322885,39.81648004],[22.77036798,39.85518336],[22.73623276,39.86849666],[22.71232831,39.91173077],[22.71845305,39.93567312],[22.70956755,39.95235264],[22.63660514,39.98366976],[22.59262037,40.01489651],[22.58735228,40.03808653],[22.5691148,40.0609827],[22.56882942,40.09818125],[22.54816031,40.15464306],[22.55985081,40.17970252],[22.59060204,40.20903206],[22.58246577,40.22556424],[22.6035794,40.28214955],[22.6611129,40.36210573],[22.62442327,40.37696576],[22.6062268,40.42587352],[22.60717094,40.44204533],[22.58643436,40.46167254],[22.60153592,40.47570348],[22.61360943,40.47218394],[22.61870742,40.48152876],[22.62577915,40.47379851],[22.65831125,40.46891296],[22.64864945,40.47894347],[22.67020798,40.4881531],[22.65261436,40.50869572],[22.65271962,40.52133596],[22.66164315,40.52501738],[22.69247508,40.52718425],[22.68845475,40.52221894],[22.70397723,40.5198493],[22.72061574,40.49886584],[22.72793794,40.50153375],[22.72226393,40.51644218],[22.73419797,40.50533855],[22.74092817,40.51360178],[22.73654735,40.52286482],[22.75220132,40.51449752],[22.73577356,40.53571665],[22.74601483,40.54122782],[22.75335681,40.5364207],[22.7416867,40.55791736],[22.77470577,40.56939936],[22.79938626,40.56049287],[22.85556245,40.59159112],[22.8578397,40.61399245],[22.83528244,40.61720288],[22.83143282,40.63120186],[22.84070671,40.6277436],[22.83845854,40.62245512],[22.85881436,40.62551594],[22.88887501,40.6447978],[22.90095103,40.64234757],[22.90543437,40.63295627],[22.94174898,40.63113844],[22.95181274,40.61827433],[22.94697261,40.59276605],[22.93570995,40.57935596],[22.98045754,40.55236268],[22.97633064,40.53613007],[22.93749797,40.51321197],[22.89759886,40.50272942],[22.82328796,40.5056504],[22.81671131,40.50163746],[22.81472385,40.47906005],[22.85414386,40.46705234],[22.86600494,40.43197906],[22.88199127,40.42602432],[22.90309072,40.39797807],[22.89619005,40.38497806],[22.91060543,40.39031625],[22.88935864,40.37411141],[22.95119715,40.37953341],[23.01121187,40.3471992],[23.01999521,40.32433045],[23.12098444,40.29176116],[23.14043677,40.27447522],[23.25864637,40.24735332],[23.31020391,40.22534513],[23.32671666,40.17826188],[23.31739306,40.14732325],[23.32309926,40.12915492],[23.30430448,40.09999704],[23.3103888,40.09724498],[23.30799317,40.08769345],[23.33832085,40.06850672],[23.38187337,40.00112462],[23.35661948,39.95345795],[23.37993312,39.9627099],[23.41717565,39.95962656],[23.46385431,39.96955776],[23.59281361,39.92081416],[23.68336463,39.91677606],[23.71410728,39.90767562],[23.75097692,39.91536307],[23.74513698,39.93458116],[23.70698631,39.92832196],[23.69148362,39.93400228],[23.68553054,39.95856524],[23.67616046,39.96206415],[23.68043911,39.97195101],[23.66704714,39.98155427],[23.59344494,39.99584424],[23.49438095,40.03365564],[23.45373535,40.07067657],[23.44085944,40.10031033],[23.41790903,40.12591386],[23.39551377,40.14071941],[23.36145926,40.14795971],[23.34823096,40.18122017],[23.3312211,40.1984688],[23.33121991,40.21171772],[23.35349202,40.24352252],[23.40179634,40.27931023],[23.49572241,40.25923741],[23.53059185,40.23626387],[23.55133891,40.23722005],[23.58395624,40.22532725],[23.65483665,40.22315395],[23.67646325,40.20705378],[23.67807436,40.19622505],[23.69703865,40.19226027],[23.71479046,40.17726684],[23.73284304,40.14180481],[23.77261543,40.11728215],[23.77266526,40.09555936],[23.79198217,40.08879745],[23.78561652,40.06660581],[23.79068327,40.05612242],[23.81243384,40.04317665],[23.81055808,40.02960491],[23.82347417,40.01497555],[23.82635212,40.02263296],[23.8376466,40.02340055],[23.86365104,40.01303113],[23.87194848,39.99555004],[23.8915081,39.99411047],[23.90397513,39.98219264],[23.90154493,39.96000934],[23.91811562,39.96096194],[23.91771317,39.97043085],[23.92592692,39.96437585],[23.91651428,39.95780706],[23.91837394,39.94765043],[23.93398476,39.94531667],[23.92848945,39.93595696],[23.95006967,39.93740988],[23.96191776,39.94744146],[23.98566997,39.94538736],[23.99646461,39.95682752],[23.96773171,39.96410656],[24.00148344,39.97090781],[23.98687363,39.98533261],[24.00006998,39.98868835],[24.00204277,40.00060773],[24.01272476,39.99908602],[24.02289855,40.01674092],[24.01804364,40.03707182],[23.98590803,40.04145265],[23.99145246,40.05065346],[24.00852811,40.0531646],[23.97922683,40.08560252],[23.98305714,40.10254765],[23.99682784,40.10853195],[23.97584343,40.12600946],[23.93556344,40.13797963],[23.91526365,40.15783656],[23.82476532,40.18045652],[23.81102574,40.19402421],[23.7849611,40.18811893],[23.77067995,40.20240343],[23.76672137,40.19871664],[23.75902176,40.21298981],[23.76115215,40.22990215],[23.75042903,40.22443664],[23.74188936,40.23913491],[23.73671722,40.23007154],[23.72394681,40.24317181],[23.72499001,40.25225866],[23.70893025,40.25807643],[23.69402122,40.28602123],[23.6987257,40.31963146],[23.70793247,40.33376372],[23.72813296,40.33347166],[23.73464096,40.35320437],[23.78254342,40.33646345],[23.8087641,40.35526252],[23.84964585,40.36963487],[23.88926208,40.36002386],[23.92035067,40.36444783],[23.96204782,40.34760702],[23.98028541,40.32424867],[24.03967464,40.29249418],[24.15528595,40.28372586],[24.22179306,40.21884394],[24.2176156,40.20292187],[24.22430575,40.19301832],[24.27997804,40.16277134],[24.29090214,40.14258742],[24.28862596,40.12757826],[24.30491555,40.11404765],[24.39810216,40.13962793],[24.39565551,40.16249752],[24.37495017,40.19266713],[24.34166396,40.20589125],[24.32981086,40.22207022],[24.28870666,40.24447465],[24.26635182,40.28066957],[24.27073455,40.28905988],[24.25474691,40.29547441],[24.24794161,40.30977845],[24.22990215,40.31831074],[24.19491625,40.31947362],[24.18775415,40.32800424],[24.19271016,40.34208167],[24.15491354,40.35878372],[24.14577985,40.35272372],[24.1259129,40.36157513],[24.06600106,40.36755025],[24.04352605,40.39663911],[24.03113747,40.40046811],[24.00766563,40.45161223],[23.99344921,40.44271386],[24.00198197,40.43605006],[23.99745286,40.41920781],[24.01121092,40.39201164],[23.99965453,40.38247907],[23.93039966,40.38064015],[23.88675356,40.39623177],[23.8647089,40.41279793],[23.85314357,40.43408585],[23.83150244,40.4506129],[23.81981075,40.48496747],[23.82380891,40.50697601],[23.83556294,40.51849687],[23.89482093,40.51897991],[23.92013741,40.53339624],[23.89971507,40.54084694],[23.89312816,40.54665935],[23.89727688,40.55352128],[23.88321078,40.55938375],[23.88113785,40.55197155],[23.85221505,40.56051075],[23.83355618,40.55714858],[23.81967092,40.58050621],[23.80303764,40.57997715],[23.79675364,40.59319735],[23.78415263,40.59237766],[23.7805655,40.61539865],[23.74170852,40.65571058],[23.69536781,40.66744196],[23.6991477,40.70043814],[23.73016155,40.74655414],[23.74403155,40.75694215],[23.76174414,40.75545037],[23.78405941,40.76996565],[23.84769511,40.78577566],[23.96331596,40.73998594],[24.04592288,40.71843398],[24.08942688,40.72185135],[24.14570975,40.73930073],[24.28079236,40.80875421],[24.34027696,40.82527471],[24.31380391,40.82313085],[24.30597544,40.829126],[24.30927515,40.84651482],[24.31622374,40.85068667],[24.33144796,40.84301186],[24.33805585,40.85888565],[24.31592905,40.86720562],[24.31632221,40.87623394],[24.33114314,40.88090098],[24.34319842,40.89944267],[24.36065531,40.89848495],[24.37984526,40.90941381],[24.39514816,40.93375826],[24.41436505,40.92937517],[24.42981303,40.94443333],[24.47085047,40.94227207],[24.47068226,40.95125985],[24.51083827,40.95931482],[24.55568421,40.95088387],[24.57258356,40.92008352],[24.60963345,40.88838565],[24.62672603,40.857831],[24.67169392,40.87357545],[24.69845748,40.86189556],[24.70953894,40.86879635],[24.71714926,40.86337388],[24.68915963,40.85408986],[24.76305521,40.85962462],[24.80336463,40.84603035],[24.79650867,40.86555517],[24.80587852,40.84878695],[24.88454545,40.91181147],[24.95589352,40.93289375],[24.98974407,40.93001163],[25.00108373,40.95075321],[24.99847496,40.96025121],[25.05627716,40.99845827],[25.08174765,41.00622976],[25.12285364,41.00059021],[25.11913586,41.00550413],[25.14365327,41.00986958],[25.0889647,41.02094066],[25.07585311,41.04670215],[25.09896386,41.08445334],[25.1149255,41.0877192]],[[24.34788632,40.86976862],[24.347525,40.86994541],[24.34714222,40.86976075],[24.34788632,40.86976862]],[[24.70046616,40.82973611],[24.70084441,40.82935667],[24.70142531,40.82906401],[24.70046616,40.82973611]],[[24.64287281,40.79481125],[24.59657896,40.77569377],[24.58369005,40.75894856],[24.56125092,40.75990498],[24.55912173,40.74058378],[24.53369904,40.71358812],[24.51118445,40.66332841],[24.51272082,40.6366173],[24.52491176,40.63552046],[24.52896464,40.61958015],[24.58931994,40.62163126],[24.60900843,40.60546875],[24.60305226,40.59375012],[24.61672211,40.59588754],[24.62129664,40.58328128],[24.63906884,40.58322847],[24.64171004,40.56764066],[24.66983771,40.57552695],[24.69314694,40.59789968],[24.71565783,40.59477603],[24.7211858,40.60546875],[24.73980415,40.59977817],[24.76178265,40.6183269],[24.77505386,40.60546875],[24.78476536,40.62481165],[24.77256131,40.62903011],[24.77535868,40.64097416],[24.76790607,40.64465761],[24.76297641,40.67433381],[24.78294647,40.6853559],[24.77654946,40.70076835],[24.78307605,40.70575643],[24.7607069,40.70899236],[24.75642598,40.71951437],[24.76213324,40.73099136],[24.78263891,40.73003435],[24.7850579,40.73610878],[24.77196407,40.74758577],[24.75238192,40.74661803],[24.73779964,40.75673175],[24.727126,40.7692461],[24.73088574,40.77677965],[24.71663964,40.78577387],[24.69456315,40.77684927],[24.66840875,40.78342056],[24.65151441,40.80058253],[24.64287281,40.79481125]],[[26.01989985,40.78928006],[26.02036834,40.78875184],[26.02085555,40.78815413],[26.01989985,40.78928006]],[[26.01859808,40.78077412],[26.01086426,40.78914416],[26.02724636,40.76901341],[26.01859808,40.78077412]],[[26.03086042,40.74992025],[26.03155827,40.74947226],[26.03173995,40.74981141],[26.03086042,40.74992025]],[[24.78468704,40.70604098],[24.78443313,40.70574546],[24.78407228,40.70548725],[24.78468704,40.70604098]],[[24.77934361,40.65415216],[24.78030443,40.65404832],[24.78170884,40.65421951],[24.77934361,40.65415216]],[[23.80489266,40.61416948],[23.80560577,40.61419415],[23.80653691,40.61428356],[23.80489266,40.61416948]],[[24.61835694,40.56077194],[24.61821878,40.56041944],[24.61839736,40.56010973],[24.61835694,40.56077194]],[[23.92831087,40.52813184],[23.92916846,40.52804351],[23.92995274,40.52824163],[23.92831087,40.52813184]],[[25.55317652,40.50787938],[25.50101221,40.49756634],[25.46806574,40.47249925],[25.44358695,40.47608233],[25.45884454,40.45734715],[25.51008952,40.42414916],[25.54306555,40.41387045],[25.56017244,40.39514315],[25.60054243,40.39262736],[25.69773352,40.42251945],[25.70029378,40.46476161],[25.65657175,40.49388015],[25.55317652,40.50787938]],[[24.00774956,40.45411873],[24.00677001,40.45430386],[24.00599611,40.45385587],[24.00774956,40.45411873]],[[25.94370306,40.24111676],[25.89838386,40.23611605],[25.84304893,40.21142912],[25.78477478,40.20996475],[25.67096412,40.15366626],[25.66538274,40.12416625],[25.70712137,40.11543047],[25.73872066,40.09072542],[25.76229143,40.09981287],[25.79281068,40.09573782],[25.80059958,40.10453022],[25.83858216,40.09956086],[25.94314873,40.12907827],[25.95796335,40.12314653],[25.99572182,40.13244498],[26.01339555,40.14751196],[26.01364923,40.16371024],[26.00549448,40.15429068],[25.99156094,40.15407717],[25.98810816,40.14436555],[25.96589303,40.15049756],[25.97707713,40.21614182],[25.95068705,40.22438323],[25.94370306,40.24111676]],[[23.78944945,40.20071471],[23.79529464,40.20130634],[23.77957666,40.22970915],[23.78299224,40.21990061],[23.76962614,40.22405255],[23.77122533,40.20630205],[23.78944945,40.20071471]],[[23.77504253,40.22966075],[23.77522016,40.23036396],[23.77538157,40.23079526],[23.77504253,40.22966075]],[[23.78991485,40.22057807],[23.79010713,40.22043931],[23.79040396,40.22045386],[23.78991485,40.22057807]],[[23.75280237,40.23445463],[23.75207591,40.23467481],[23.75166285,40.23426056],[23.75280237,40.23445463]],[[23.96176636,40.30871153],[23.96164978,40.30936611],[23.96122742,40.30985034],[23.96176636,40.30871153]],[[23.94848835,40.31056905],[23.9234606,40.31856275],[23.92646325,40.32709324],[23.91617775,40.34164524],[23.88307226,40.32989466],[23.91695774,40.31921542],[23.91871452,40.31227207],[23.94848835,40.31056905]],[[23.9632951,40.31060314],[23.96284914,40.31001556],[23.96262968,40.30962265],[23.9632951,40.31060314]],[[25.44081473,40.03493488],[25.40217853,40.00546575],[25.37915587,40.01977146],[25.36742973,40.01794434],[25.37207746,40.00262082],[25.33708048,39.97753954],[25.34710276,39.96601057],[25.32519555,39.95669794],[25.33175981,39.96951842],[25.31812227,39.96763134],[25.30591488,39.94781375],[25.29089475,39.93948114],[25.27449334,39.9476279],[25.28913057,39.95484865],[25.2646594,39.96322095],[25.26173878,39.97420895],[25.27263606,39.99101377],[25.26452267,39.98437786],[25.24748123,39.98924315],[25.23566008,39.99677587],[25.23567665,40.00547886],[25.15430284,39.98857403],[25.14961743,39.99651778],[25.15602004,39.99877346],[25.14054155,40.00752175],[25.10239971,39.99092507],[25.07378566,39.99240506],[25.04940724,39.98379982],[25.03628922,39.98930037],[25.03530514,39.98304856],[25.04615665,39.98366904],[25.04935396,39.97671056],[25.04722106,39.93191874],[25.06540322,39.92829215],[25.07321775,39.9183799],[25.06866884,39.89947557],[25.05391562,39.88907695],[25.06316996,39.88429594],[25.05095661,39.87541914],[25.06078255,39.87199616],[25.04880893,39.86642444],[25.04996824,39.85383081],[25.05803835,39.85958886],[25.06620264,39.85320306],[25.04761362,39.84110582],[25.0441401,39.82930505],[25.06763494,39.84167016],[25.08870125,39.83238554],[25.0853821,39.83896744],[25.11871445,39.85180891],[25.13274896,39.84427321],[25.12961841,39.83281386],[25.13735771,39.83340526],[25.15114176,39.84976625],[25.16905081,39.85538626],[25.17204547,39.84510911],[25.1619724,39.84624565],[25.15563381,39.82861304],[25.14605093,39.82462192],[25.14680743,39.81315053],[25.13666844,39.81094706],[25.13787067,39.80248225],[25.15259147,39.80830502],[25.16572785,39.79526246],[25.22667527,39.79592454],[25.2065773,39.82189596],[25.2107501,39.83982396],[25.19619441,39.84161603],[25.19673324,39.85060573],[25.18820274,39.84128165],[25.18016767,39.84838927],[25.20355046,39.87695146],[25.23191845,39.87887335],[25.20703781,39.88692594],[25.19047105,39.88337493],[25.23308015,39.91070044],[25.25681734,39.91176236],[25.27837694,39.89265645],[25.26228106,39.87652266],[25.26866567,39.86587048],[25.24332023,39.86091816],[25.23509073,39.84944952],[25.24956954,39.85177004],[25.26587892,39.83007813],[25.29506612,39.82135713],[25.2882843,39.80686295],[25.30003536,39.79497015],[25.35475111,39.78220904],[25.35028672,39.79969096],[25.37248111,39.81167102],[25.34424615,39.83854735],[25.34237266,39.85162175],[25.3563199,39.85713863],[25.34389102,39.86417306],[25.34087563,39.87746048],[25.37192464,39.89017272],[25.35668623,39.890504],[25.35782647,39.90928495],[25.38852227,39.91022837],[25.38121283,39.92452562],[25.38827586,39.94408464],[25.40574992,39.9531424],[25.41453791,39.96814537],[25.4436326,39.98017013],[25.43752944,40.00571966],[25.44659984,40.01261485],[25.43823636,40.00996554],[25.43214953,40.01720774],[25.44677818,40.02607906],[25.44835365,40.03503752],[25.44081473,40.03493488]],[[26.06715226,39.93145251],[26.07991648,39.93764961],[26.05745316,39.93819034],[26.06715226,39.93145251]],[[26.05281258,39.93134296],[26.05174625,39.93140531],[26.05020344,39.92987144],[26.05281258,39.93134296]],[[26.0837332,39.91730666],[26.08570075,39.91728377],[26.08730733,39.91769576],[26.0837332,39.91730666]],[[26.05305231,39.84722412],[25.96237576,39.83749783],[25.98417985,39.81665206],[26.00244236,39.81779492],[26.06155551,39.78706265],[26.08388913,39.80092525],[26.07375801,39.81294715],[26.08052027,39.82153082],[26.07585716,39.83631158],[26.05305231,39.84722412]],[[25.23624337,39.79291272],[25.23639107,39.79326475],[25.23602974,39.79348505],[25.23624337,39.79291272]],[[25.23766363,39.79784203],[25.23724735,39.79809415],[25.23688281,39.79775834],[25.23766363,39.79784203]],[[25.21441853,39.86092913],[25.21502197,39.86129463],[25.21571314,39.86148286],[25.21441853,39.86092913]],[[25.26944661,39.88743877],[25.26803982,39.8876425],[25.26733005,39.88727665],[25.26944661,39.88743877]],[[25.04328716,39.85829365],[25.0424242,39.85863256],[25.04184806,39.85860336],[25.04328716,39.85829365]],[[25.14140141,40.02078545],[25.13516855,40.02675796],[25.12489355,40.02005255],[25.14140141,40.02078545]],[[23.82187605,40.00390995],[23.83020794,40.00778735],[23.82038665,40.01482391],[23.82187605,40.00390995]],[[23.80918241,40.01914561],[23.80933726,40.01933813],[23.80948007,40.01958144],[23.80918241,40.01914561]],[[23.71987796,40.0576545],[23.73402631,40.06236362],[23.72067785,40.06381583],[23.71987796,40.0576545]],[[25,39.56188786],[24.98780835,39.53863823],[24.97768545,39.53573406],[24.97003305,39.50900841],[24.97356343,39.48283422],[24.98628414,39.46074581],[25.00210011,39.48417866],[25.02556145,39.49576223],[25.05758822,39.53004241],[25,39.56188786]],[[25.0606209,39.53672826],[25.06077611,39.53631556],[25.06119967,39.53639364],[25.0606209,39.53672826]],[[24.18217027,39.48178101],[24.18282616,39.48213971],[24.18304682,39.48252344],[24.18217027,39.48178101]],[[24.18479228,39.49655187],[24.1851474,39.50789881],[24.17416716,39.49704421],[24.18479228,39.49655187]],[[24.17492485,39.42812145],[24.16785002,39.40912116],[24.1538974,39.39889884],[24.16059935,39.39583588],[24.15733445,39.38442004],[24.13480806,39.36977935],[24.15493715,39.36879694],[24.16032088,39.3602674],[24.18355715,39.38706577],[24.18963504,39.40109384],[24.17964006,39.40421414],[24.17492485,39.42812145]],[[26.70679641,39.40535176],[26.70804811,39.40528071],[26.71139681,39.40632105],[26.70679641,39.40535176]],[[26.58934391,39.39260304],[26.57597005,39.38961697],[26.58857465,39.36737251],[26.60279131,39.39500272],[26.58934391,39.39260304]],[[26.59887695,39.38619888],[26.61722314,39.37978446],[26.61363041,39.36983561],[26.62356555,39.35675502],[26.60788727,39.35249436],[26.61629891,39.35303175],[26.61288703,39.33970416],[26.62283313,39.32643688],[26.69066381,39.33447635],[26.68367946,39.34356976],[26.66043425,39.34247196],[26.65046895,39.35306227],[26.65364611,39.36314583],[26.63324726,39.35739315],[26.62337506,39.37022054],[26.62314785,39.380427],[26.66064346,39.37542963],[26.67038035,39.38958955],[26.64567888,39.38395047],[26.64569855,39.38937056],[26.61465311,39.39575362],[26.59887695,39.38619888]],[[26.70286834,39.37960374],[26.70940352,39.37368166],[26.70844495,39.38223827],[26.70286834,39.37960374]],[[26.76801932,39.37926817],[26.76295352,39.37686205],[26.76061976,39.375],[26.76801932,39.37926817]],[[26.72774661,39.37877858],[26.72620118,39.37922084],[26.72462726,39.37821281],[26.72774661,39.37877858]],[[26.69425964,39.36844134],[26.69601905,39.36712492],[26.69666791,39.36719096],[26.69425964,39.36844134]],[[26.66507196,39.35258246],[26.66582322,39.3519032],[26.66900885,39.35203707],[26.66507196,39.35258246]],[[26.68328881,39.34549296],[26.68953371,39.34204626],[26.69642186,39.34324515],[26.68328881,39.34549296]],[[26.65703654,39.32458675],[26.65633953,39.32430756],[26.65743995,39.32317734],[26.65703654,39.32458675]],[[26.54215276,39.32452798],[26.53142607,39.33131278],[26.53073585,39.32467914],[26.54215276,39.32452798]],[[26.41244125,39.32237375],[26.42439187,39.33463073],[26.39980674,39.34355664],[26.36961663,39.34029925],[26.35195935,39.35156357],[26.3671875,39.37779021],[26.34457672,39.38243258],[26.34192395,39.39003825],[26.31582427,39.37312162],[26.23129094,39.38364947],[26.19866324,39.37421131],[26.18373096,39.37907708],[26.16573143,39.36956406],[26.17479837,39.36337364],[26.16871035,39.35087776],[26.18124425,39.33662474],[26.17846501,39.33020794],[26.12686765,39.30739713],[26.11343277,39.30545664],[26.10118008,39.31543684],[26.09499276,39.30415857],[26.07186592,39.29567432],[26.04612196,39.29140866],[26.04873252,39.29583395],[26.03833234,39.29813385],[26.032848,39.28740442],[26.01862574,39.29265356],[25.99127877,39.27749825],[25.97032225,39.28591275],[25.95226824,39.27440906],[25.93729532,39.28317177],[25.91979361,39.28168845],[25.92173314,39.29601991],[25.90919864,39.29682112],[25.90850651,39.28869772],[25.90419507,39.29467165],[25.90471804,39.28350747],[25.88194907,39.27871633],[25.85565186,39.25452137],[25.86283386,39.24114215],[25.84557486,39.22826958],[25.85705233,39.21977484],[25.84924984,39.21190214],[25.85619545,39.19187355],[25.84865427,39.18705344],[25.85202825,39.18197286],[25.83147085,39.18790734],[25.8429656,39.17436612],[25.86600184,39.170017],[25.87473094,39.1496247],[25.93387365,39.13305855],[25.95568764,39.10421312],[25.99299705,39.10857642],[26.0759021,39.0857203],[26.09716117,39.11164522],[26.11244798,39.10477686],[26.12323165,39.13748825],[26.13616025,39.13936067],[26.15517294,39.15903974],[26.15531635,39.18233812],[26.16858685,39.19705057],[26.20172024,39.20668316],[26.25491798,39.20514965],[26.29532421,39.18431366],[26.28124201,39.1552546],[26.25103223,39.15018141],[26.22266388,39.13089633],[26.18782735,39.12558162],[26.16279316,39.09740674],[26.13233495,39.08683336],[26.11665893,39.09774756],[26.08444858,39.07897115],[26.08509302,39.07189715],[26.11949766,39.06163478],[26.16842651,39.00479376],[26.18396676,39.01726854],[26.23437548,39.0158745],[26.28648186,39.00092495],[26.32591927,38.97667634],[26.36450505,38.97569847],[26.39874482,38.96199822],[26.49136865,38.97667158],[26.50104237,38.96946144],[26.51469254,38.98011255],[26.51816678,38.96964896],[26.54411447,38.98734593],[26.53723741,38.99230492],[26.54664755,39.00432527],[26.53669345,39.00008845],[26.52952981,39.0234375],[26.49093294,39.06072235],[26.46598542,39.06853604],[26.44195235,39.10260701],[26.48330104,39.11917472],[26.52842498,39.08217072],[26.53064477,39.06540453],[26.51397884,39.05857694],[26.51132905,39.04926491],[26.52958286,39.04615712],[26.52087188,39.03771424],[26.5342319,39.02832246],[26.53924835,39.01134622],[26.56325674,39.01834142],[26.60819936,39.00864315],[26.61628747,39.02449763],[26.61153615,39.04603243],[26.59580195,39.06823635],[26.55790126,39.09617507],[26.55651474,39.10538006],[26.56858432,39.11145866],[26.55413878,39.11342073],[26.54824281,39.13797796],[26.52994525,39.14159465],[26.53191793,39.16098225],[26.54047036,39.167364],[26.50262988,39.17856014],[26.48578465,39.21197546],[26.47479522,39.21356165],[26.48028421,39.22006094],[26.47512746,39.22443426],[26.3810271,39.26970315],[26.37751615,39.27774096],[26.39783084,39.30493081],[26.41775966,39.31530726],[26.41244125,39.32237375]],[[26.52510464,39.32128441],[26.52856314,39.32034946],[26.52917492,39.32051694],[26.52510464,39.32128441]],[[26.44402325,39.31517601],[26.44414735,39.31445575],[26.44415557,39.31358492],[26.44402325,39.31517601]],[[26.43570292,39.31488621],[26.43192363,39.30426514],[26.44419682,39.31094515],[26.43570292,39.31488621]],[[26.59225345,39.30042136],[26.57926023,39.27634251],[26.60307884,39.28336191],[26.59632242,39.29220927],[26.60011685,39.30259252],[26.59225345,39.30042136]],[[26.43216383,39.29482114],[26.43156266,39.29498625],[26.43082762,39.29408813],[26.43216383,39.29482114]],[[26.43640876,39.29611504],[26.43693948,39.29618537],[26.43739581,39.29611874],[26.43640876,39.29611504]],[[26.45244336,39.23915184],[26.45337105,39.23913085],[26.45414245,39.23926735],[26.45244336,39.23915184]],[[26.53790665,39.1546241],[26.53864634,39.15461707],[26.53910017,39.15473235],[26.53790665,39.1546241]],[[26.78063095,39.00879681],[26.78421664,39.00000441],[26.78784084,39.01144445],[26.78063095,39.00879681]],[[26.79125357,39.00048101],[26.79506958,38.99582064],[26.79959404,39.01017082],[26.79125357,39.00048101]],[[26.50942326,38.96944177],[26.50955415,38.96894395],[26.50972974,38.96843886],[26.50942326,38.96944177]],[[26.51236582,38.96526778],[26.51173914,38.96502864],[26.51118004,38.96479547],[26.51236582,38.96526778]],[[24.50925112,38.96183586],[24.48560762,38.98573196],[24.48162544,38.97502744],[24.47133362,38.97733653],[24.46958041,38.96865416],[24.45508862,38.96455777],[24.45955694,38.96080911],[24.44792521,38.94518316],[24.45689261,38.93685961],[24.45194554,38.93400514],[24.4654752,38.92991853],[24.4673444,38.91558743],[24.45369816,38.90927804],[24.4515115,38.89484155],[24.42993104,38.87670612],[24.45788491,38.87992632],[24.46652675,38.86615765],[24.47707534,38.87343335],[24.48084807,38.8524909],[24.51070333,38.85626221],[24.50425255,38.84035325],[24.53305185,38.84937108],[24.54132545,38.83417666],[24.56515753,38.84038305],[24.56894505,38.80842006],[24.54785335,38.80436695],[24.53969085,38.79432857],[24.5309937,38.79716456],[24.53045511,38.78650177],[24.55343413,38.7795459],[24.55101705,38.76964796],[24.56561863,38.76081395],[24.57211578,38.76482785],[24.56615853,38.78250325],[24.5857141,38.78924716],[24.60005605,38.78522646],[24.61684275,38.76342094],[24.6354537,38.77444553],[24.63804376,38.76422524],[24.68384767,38.77320898],[24.6773746,38.78492677],[24.68652368,38.79143751],[24.68257797,38.80792415],[24.67200375,38.8114835],[24.66714644,38.82426071],[24.62277114,38.85124445],[24.609375,38.8515625],[24.59780884,38.86783564],[24.57617247,38.86802804],[24.56824493,38.87528086],[24.57921541,38.88130414],[24.57076335,38.90785718],[24.58494353,38.92504144],[24.50925112,38.96183586]],[[26.80394947,38.93559074],[26.80555737,38.93362427],[26.8060106,38.93374431],[26.80394947,38.93559074]],[[26.80784714,38.92709208],[26.80639064,38.91689217],[26.82225227,38.91089857],[26.82566714,38.92254508],[26.80784714,38.92709208]],[[26.83635676,38.90123785],[26.83860934,38.90106547],[26.83960104,38.90126717],[26.83635676,38.90123785]],[[27.03844404,38.88453174],[27.04045844,38.88431787],[27.04100013,38.88453615],[27.03844404,38.88453174]],[[26.89156914,38.86392665],[26.89238787,38.86190915],[26.89276755,38.86214507],[26.89156914,38.86392665]],[[26.88279414,38.85626924],[26.87625217,38.84723651],[26.88767326,38.84746838],[26.88279414,38.85626924]],[[24.609375,38.76339281],[24.59889615,38.76346695],[24.59400225,38.75241494],[24.62649465,38.74708974],[24.62769711,38.75823355],[24.609375,38.76339281]],[[23.72417831,38.74789154],[23.70488524,38.76910114],[23.68454862,38.7525984],[23.66918635,38.7509557],[23.64764667,38.76002455],[23.63058353,38.75427425],[23.60668814,38.77110612],[23.59020364,38.76395345],[23.59008324,38.78429222],[23.58136785,38.78721106],[23.57426822,38.77877772],[23.56307507,38.79408431],[23.51787221,38.8086555],[23.51665223,38.82086766],[23.47025037,38.83624315],[23.43939722,38.87117183],[23.43777561,38.87960458],[23.4484266,38.88420176],[23.42675686,38.9034003],[23.42988706,38.95431006],[23.38488996,38.96222508],[23.37105811,38.98200226],[23.37721634,39.00718772],[23.3378334,39.01621127],[23.31641352,39.03928113],[23.27866542,39.03872681],[23.25455117,39.02315843],[23.22199917,39.01893735],[23.20395422,39.00421512],[23.13016868,39.00800157],[23.09072244,38.98106956],[23.08153105,38.94057691],[23.04803526,38.9424839],[23.00690055,38.90833187],[22.99331105,38.91091335],[22.92266583,38.89140368],[22.90236425,38.87675285],[22.85092521,38.87064362],[22.83405566,38.84765625],[22.82994485,38.8265599],[22.89784455,38.83941722],[22.95976937,38.83588147],[22.99262643,38.85031104],[22.99345481,38.86115491],[22.97968256,38.87335324],[22.94929731,38.87513244],[22.96396971,38.89029264],[22.98969364,38.88119733],[23.03213453,38.88216984],[23.04385436,38.85298336],[23.08213866,38.83861434],[23.13378906,38.85215056],[23.20385206,38.83073604],[23.23264515,38.80112016],[23.27753687,38.77777088],[23.28313482,38.76728857],[23.30156636,38.77074027],[23.32411516,38.76113594],[23.34797728,38.72694576],[23.38735104,38.69700897],[23.42846465,38.68403316],[23.44968176,38.64875507],[23.49139297,38.63420725],[23.51237798,38.58573234],[23.52668715,38.57720566],[23.55636823,38.58236218],[23.57048535,38.57226264],[23.59886014,38.57162881],[23.62649846,38.54121554],[23.62794161,38.51260853],[23.63590431,38.51072907],[23.62204456,38.49770701],[23.62782598,38.49620974],[23.62361443,38.47529387],[23.61439025,38.47047353],[23.60392475,38.47673547],[23.58934391,38.46254528],[23.59432292,38.45653605],[23.58794415,38.4476372],[23.61284006,38.45299602],[23.62168813,38.44556046],[23.62239134,38.42813146],[23.63011551,38.42871606],[23.64659584,38.39975631],[23.66355765,38.39916277],[23.67218137,38.40939248],[23.69020975,38.41265953],[23.72384715,38.40971065],[23.73772013,38.39902496],[23.79061174,38.38758516],[23.82464123,38.40533304],[23.89332545,38.38356996],[23.96324575,38.38621664],[23.99664021,38.40531564],[24.01558387,38.39052868],[24.04841936,38.39495325],[24.05876732,38.37951934],[24.04959857,38.36903882],[24.05992961,38.34158242],[24.02673626,38.33673584],[24.02270555,38.32830524],[24.11089885,38.31570077],[24.10867286,38.30025995],[24.12152803,38.30258441],[24.11229515,38.29251695],[24.11609435,38.28691316],[24.09536767,38.27973974],[24.10757411,38.27415013],[24.10217011,38.26815796],[24.10936737,38.26422107],[24.10124397,38.26021922],[24.11358011,38.24933445],[24.12552154,38.25612903],[24.13191414,38.27383995],[24.14173245,38.27416265],[24.13979697,38.28095901],[24.15440583,38.27904916],[24.15941524,38.26662946],[24.11647391,38.21906078],[24.12692285,38.20598125],[24.13422334,38.21800494],[24.15083635,38.21130586],[24.13936484,38.22501075],[24.15723491,38.22798336],[24.18636966,38.21478152],[24.19183934,38.18961585],[24.20563495,38.1808933],[24.21053934,38.16565931],[24.20548844,38.15113056],[24.19201314,38.15012932],[24.17825782,38.12946796],[24.21416855,38.12095475],[24.20183885,38.084306],[24.21109128,38.09017861],[24.24182856,38.08777344],[24.24851537,38.09533584],[24.28352046,38.08333754],[24.28560221,38.06633615],[24.30820155,38.06777096],[24.32129717,38.04699588],[24.30606663,38.03374457],[24.30622852,38.02246177],[24.31575656,38.01064146],[24.32190132,38.01583302],[24.33160055,38.01108932],[24.33254194,37.99655676],[24.34779263,37.97795153],[24.38695621,37.95716107],[24.38598835,37.96985734],[24.40329397,37.97752345],[24.39217865,37.97760165],[24.38706684,37.9948554],[24.39599705,37.99662805],[24.39243925,38.00525844],[24.41414225,38.01224732],[24.46192944,37.99596655],[24.47762632,37.96506643],[24.47063673,37.95919716],[24.49322247,37.94870603],[24.51108491,37.94857395],[24.53010952,37.96819663],[24.54089785,37.96875],[24.5387336,37.97557414],[24.54801142,37.97084105],[24.54576385,37.97705615],[24.56229055,37.98162985],[24.55634594,37.98765457],[24.5739125,38.00271845],[24.56650317,38.00907588],[24.58523095,38.02297604],[24.57858324,38.02530193],[24.58850086,38.06587577],[24.57734835,38.07872677],[24.58287001,38.09138835],[24.57489121,38.09981251],[24.59221852,38.13854825],[24.58824706,38.15992391],[24.54932284,38.14097202],[24.42529166,38.14547265],[24.39692545,38.15862775],[24.39620554,38.16688168],[24.35027385,38.15532196],[24.32914817,38.1678344],[24.33619142,38.17730677],[24.32676697,38.18752527],[24.31623495,38.18083525],[24.29583883,38.19463801],[24.27224672,38.19835818],[24.26109171,38.22088444],[24.24877715,38.22830856],[24.24752235,38.24260104],[24.25914073,38.24844694],[24.25260055,38.25534761],[24.2578125,38.28487706],[24.235309,38.30351508],[24.24047887,38.31599176],[24.22700608,38.31601095],[24.22115445,38.33227456],[24.20637524,38.33780766],[24.21994734,38.36251843],[24.21195352,38.36871326],[24.21332693,38.37992835],[24.18219471,38.39437437],[24.19221032,38.40958106],[24.20907044,38.40596366],[24.19917834,38.42671156],[24.18163764,38.43456388],[24.19324732,38.45314622],[24.18820417,38.48408985],[24.2331866,38.52457786],[24.16202176,38.56448162],[24.12334406,38.59593105],[24.12240076,38.62805033],[24.12815344,38.62000227],[24.12695813,38.63250124],[24.14017844,38.64519048],[24.15577555,38.64492953],[24.15509701,38.65243387],[24.04723883,38.68717754],[24.03177047,38.67748415],[24.01017892,38.68076646],[24.01150203,38.67329621],[23.9816575,38.68201685],[23.98145914,38.6735785],[23.95602536,38.66107965],[23.89577556,38.67963076],[23.86087561,38.671875],[23.81000483,38.69553494],[23.75874865,38.70590246],[23.74984825,38.71612942],[23.75425971,38.72196221],[23.72417831,38.74789154]],[[26.73328745,38.73191035],[26.73416162,38.73167086],[26.73445022,38.73293138],[26.73328745,38.73191035]],[[26.7087996,38.71623051],[26.70802724,38.71107483],[26.70880675,38.71196067],[26.7087996,38.71623051]],[[26.70890534,38.70234787],[26.70877886,38.69169462],[26.72274506,38.68670392],[26.72547591,38.69242013],[26.70890534,38.70234787]],[[23.91728544,38.67553055],[23.91767442,38.67544222],[23.91797352,38.67558324],[23.91728544,38.67553055]],[[24.1297183,38.66867697],[24.12989068,38.66833663],[24.13007903,38.6680032],[24.1297183,38.66867697]],[[24.24932516,38.66260922],[24.2496258,38.66228914],[24.2498821,38.66215026],[24.24932516,38.66260922]],[[24.15163147,38.6569308],[24.15210044,38.65679502],[24.15278482,38.65685594],[24.15163147,38.6569308]],[[25.56932795,38.60538316],[25.55402303,38.59643567],[25.54263985,38.6028831],[25.53023565,38.59595418],[25.56579113,38.56349242],[25.55573165,38.54841936],[25.56199634,38.53306365],[25.56991494,38.54374278],[25.58842564,38.53330672],[25.60938895,38.53413296],[25.61457825,38.56772804],[25.62356675,38.57456005],[25.62090135,38.58987927],[25.59151185,38.60853863],[25.56932795,38.60538316]],[[26.00615966,38.60463715],[25.93878663,38.58821166],[25.89252734,38.58925545],[25.85749447,38.58060551],[25.83030891,38.54564202],[25.86336291,38.49104214],[25.89248061,38.47295892],[25.93928015,38.46233535],[25.9451102,38.44655395],[25.95558465,38.4438405],[25.95915306,38.40399516],[25.97435904,38.39963531],[25.98315954,38.38571346],[25.99184585,38.39028895],[25.98650098,38.37793767],[25.99362326,38.36545444],[25.98561466,38.36288023],[25.99390411,38.35930026],[25.99562764,38.34247112],[25.98612797,38.34401834],[25.98448276,38.33244455],[25.97300816,38.32878828],[25.96490395,38.29532921],[25.94299495,38.29875803],[25.94027245,38.29302537],[25.93130207,38.30075192],[25.92985523,38.28714263],[25.92484105,38.3017596],[25.91824806,38.29976344],[25.88940418,38.27487493],[25.87624824,38.27386844],[25.86527622,38.24239171],[25.88561344,38.24318302],[25.88779521,38.21682358],[25.89214194,38.22328746],[25.91430056,38.22123802],[25.90974307,38.21039891],[25.92718923,38.20660841],[25.92702723,38.19222093],[25.95225358,38.19418144],[25.94970286,38.18618393],[25.96853304,38.16691613],[25.99348664,38.16393101],[26.01244164,38.14683115],[26.02443981,38.16005266],[26.02397895,38.1790781],[26.0411545,38.20042551],[26.09875548,38.2082082],[26.11630726,38.23258102],[26.104707,38.24541104],[26.10412633,38.27224731],[26.15960813,38.30895865],[26.15331304,38.31965792],[26.16167486,38.32973242],[26.14337361,38.33897984],[26.13410854,38.40759683],[26.15487635,38.45793974],[26.15196705,38.46605742],[26.13644755,38.46186066],[26.14427948,38.47675824],[26.12374365,38.47684264],[26.12762904,38.48932695],[26.15396798,38.49609375],[26.15099895,38.52187335],[26.16311073,38.53558052],[26.15888405,38.55287135],[26.13561094,38.56684697],[26.12620294,38.55476475],[26.13083446,38.54271555],[26.11654913,38.55520046],[26.11504102,38.54016805],[26.10608351,38.55633235],[26.08446443,38.5565592],[26.06338716,38.59358418],[26.04430151,38.58918917],[26.00615966,38.60463715]],[[26.11467695,38.5595448],[26.11480594,38.55925941],[26.11494565,38.55877602],[26.11467695,38.5595448]],[[26.16132963,38.55314946],[26.16119218,38.55279982],[26.16119015,38.55239105],[26.16132963,38.55314946]],[[26.19076455,38.53374755],[26.20555317,38.51396847],[26.21008337,38.51925325],[26.23935556,38.50563908],[26.25298035,38.51236224],[26.2493602,38.50143731],[26.26124656,38.51386762],[26.26874387,38.50934374],[26.27264297,38.51942515],[26.18295252,38.5444349],[26.19076455,38.53374755]],[[26.27594483,38.51358795],[26.28247166,38.50377774],[26.27862954,38.49534225],[26.29365575,38.49442804],[26.28595185,38.51409554],[26.27614856,38.52059865],[26.27594483,38.51358795]],[[26.26330912,38.49416065],[26.26327574,38.49467814],[26.26319277,38.49505532],[26.26330912,38.49416065]],[[26.27331805,38.50319815],[26.27358055,38.50283062],[26.27394497,38.50327575],[26.27331805,38.50319815]],[[26.2191838,38.50901115],[26.21640086,38.51129913],[26.21627486,38.51157021],[26.2191838,38.50901115]],[[26.28765631,38.49109888],[26.27912867,38.48798478],[26.29163373,38.48506975],[26.28765631,38.49109888]],[[26.15216684,38.47260594],[26.15203142,38.47146976],[26.15184677,38.47059703],[26.15216684,38.47260594]],[[26.35583174,38.45502257],[26.32513678,38.44079173],[26.33292794,38.42163765],[26.34139526,38.43042195],[26.35735977,38.42806697],[26.36354065,38.44523597],[26.35583174,38.45502257]],[[26.3671875,38.42857134],[26.3738234,38.43401825],[26.36929667,38.43775594],[26.3671875,38.42857134]],[[26.37447155,38.43213367],[26.37329066,38.42680836],[26.38955331,38.42174494],[26.38657022,38.43577874],[26.37447155,38.43213367]],[[26.30863237,38.42289126],[26.30784154,38.42313325],[26.30757081,38.42226267],[26.30863237,38.42289126]],[[26.46183658,38.39498532],[26.46701658,38.3872534],[26.46440053,38.40262866],[26.46183658,38.39498532]],[[26.46723914,38.39712417],[26.46858406,38.39579916],[26.46938157,38.39580452],[26.46723914,38.39712417]],[[26.44937885,38.39007854],[26.44871235,38.390486],[26.44783115,38.38929582],[26.44937885,38.39007854]],[[26.44993711,38.39336622],[26.44933307,38.39477503],[26.4468286,38.39218414],[26.44993711,38.39336622]],[[26.46625876,38.38194883],[26.46162033,38.37550294],[26.46142364,38.37501824],[26.46625876,38.38194883]],[[26.20840776,38.29195166],[26.21046865,38.29023266],[26.21083975,38.29051113],[26.20840776,38.29195166]],[[26.42787754,38.19455183],[26.43369627,38.19297397],[26.43437564,38.19591153],[26.42787754,38.19455183]],[[26.44204915,38.19835603],[26.44224787,38.19788468],[26.44523942,38.19816721],[26.44204915,38.19835603]],[[26.43716276,38.1828444],[26.43830395,38.18245864],[26.43922865,38.18269575],[26.43716276,38.1828444]],[[25.90426946,38.21780026],[25.90429282,38.22028851],[25.90390301,38.22039306],[25.90426946,38.21780026]],[[25.96615791,38.31397355],[25.96577716,38.31416321],[25.96233475,38.3140769],[25.96615791,38.31397355]],[[25.95773184,38.31034195],[25.95756197,38.31066751],[25.95734405,38.31105065],[25.95773184,38.31034195]],[[25.94253361,38.31954706],[25.94152367,38.3197242],[25.94111156,38.31965077],[25.94253361,38.31954706]],[[24.20457995,38.39285004],[24.20410585,38.39291334],[24.20286477,38.39207304],[24.20457995,38.39285004]],[[24.23018014,38.5184828],[24.22979271,38.51868784],[24.22933054,38.51827872],[24.23018014,38.5184828]],[[25.52100885,38.52286875],[25.52178741,38.52297008],[25.52242255,38.52306235],[25.52100885,38.52286875]],[[25.5226351,38.53024042],[25.52890301,38.55058396],[25.51871872,38.55423951],[25.50649965,38.55091405],[25.49577653,38.53419995],[25.5226351,38.53024042]],[[25.53444874,38.60141182],[25.53506875,38.60165286],[25.53557551,38.601933],[25.53444874,38.60141182]],[[26.015625,38.12388384],[26.01579523,38.12388074],[26.01590753,38.12406743],[26.015625,38.12388384]],[[26.85371161,38.04482412],[26.85495472,38.04412246],[26.85531366,38.04422951],[26.85371161,38.04482412]],[[26.88153493,38.02414072],[26.88073385,38.02117705],[26.88131082,38.02052605],[26.88153493,38.02414072]],[[24.78781486,37.99891925],[24.74883115,37.99327123],[24.73008382,37.98473763],[24.73048472,37.97856045],[24.69291162,37.96621525],[24.68461061,37.94355035],[24.69242823,37.94281054],[24.69499195,37.93238735],[24.69138455,37.9238373],[24.67939675,37.92507482],[24.69367754,37.9221369],[24.69602203,37.90300894],[24.71190167,37.89581084],[24.70391035,37.88431263],[24.71179187,37.88204396],[24.70972157,37.87091327],[24.72763813,37.87379563],[24.73285425,37.88777196],[24.73401666,37.87697685],[24.7666676,37.87493336],[24.77705932,37.85369313],[24.78373826,37.85838616],[24.79891396,37.83437204],[24.79561746,37.81587946],[24.81718075,37.82028294],[24.82733226,37.81187415],[24.82542145,37.79618537],[24.84574616,37.79296875],[24.84817863,37.77530384],[24.85958731,37.77816856],[24.87187636,37.76278186],[24.88737285,37.76492941],[24.92437243,37.70056856],[24.96230555,37.68229437],[24.95214248,37.70264626],[24.98133314,37.72863293],[25.00154364,37.77080095],[24.95222473,37.77041483],[24.96285558,37.7878437],[24.97385764,37.79057026],[24.96478105,37.79593873],[24.98091805,37.81259966],[24.97141051,37.82566476],[24.95906246,37.82208514],[24.9609375,37.83314717],[24.94806147,37.83392811],[24.95266557,37.83917153],[24.94379723,37.83401895],[24.94413304,37.8414849],[24.93522096,37.84155011],[24.95759082,37.87090588],[24.95803976,37.89286315],[24.95115602,37.89392972],[24.95734906,37.89862347],[24.83987916,37.90949595],[24.82728577,37.93592393],[24.83242273,37.95887935],[24.79329896,37.96971166],[24.79501462,37.97729898],[24.78538287,37.98256993],[24.79361093,37.99010897],[24.78781486,37.99891925]],[[26.72672868,37.80855715],[26.65799165,37.78974605],[26.63518143,37.76910615],[26.59534848,37.76172435],[26.56629884,37.72989178],[26.58504546,37.70531034],[26.57784021,37.69092846],[26.59139252,37.67451966],[26.62363184,37.68022573],[26.62098861,37.68553984],[26.63401234,37.68863022],[26.64212012,37.70249355],[26.72049475,37.71003044],[26.75117624,37.69734156],[26.79422045,37.64266443],[26.85946214,37.63569367],[26.87951934,37.64009941],[26.88303935,37.66333663],[26.90849662,37.68226743],[26.95347893,37.68724585],[26.98023164,37.70626736],[27.03639376,37.70355368],[27.0703125,37.71623886],[27.06269598,37.72876346],[27.03652895,37.72810936],[27.04385555,37.74232852],[27.02490985,37.75214422],[27.02981174,37.76268733],[27.06623757,37.77910841],[26.99924171,37.77684224],[26.98761857,37.78417301],[26.99035966,37.79600227],[26.97766626,37.79296875],[26.98137295,37.77874696],[26.94923842,37.78582716],[26.97585905,37.75444365],[26.96606505,37.74789906],[26.92819655,37.77188218],[26.88174355,37.77875507],[26.84827375,37.80566072],[26.72672868,37.80855715]],[[26.99665773,37.79862487],[26.99718285,37.79840815],[26.99801445,37.79842424],[26.99665773,37.79862487]],[[26.96847355,37.7938379],[26.9690088,37.79296875],[26.96991634,37.79296875],[26.96847355,37.7938379]],[[27.01769984,37.70415854],[27.01777434,37.70452094],[27.01754236,37.70475304],[27.01769984,37.70415854]],[[27.0162276,37.69063175],[27.01811814,37.69040585],[27.01832545,37.69245112],[27.0162276,37.69063175]],[[27.00968814,37.65379703],[27.00970554,37.65271676],[27.01229465,37.65212345],[27.00968814,37.65379703]],[[27.00602198,37.65338874],[27.00575495,37.65365195],[27.00138426,37.65196955],[27.00602198,37.65338874]],[[26.78966951,37.63604772],[26.7884773,37.62633455],[26.80383325,37.62343276],[26.78966951,37.63604772]],[[26.53900552,37.6251477],[26.5294646,37.62009764],[26.53448558,37.64249265],[26.50949323,37.65544975],[26.49744666,37.64336026],[26.49632084,37.62598836],[26.51546276,37.62204695],[26.51070941,37.61313951],[26.51814926,37.59771991],[26.50210261,37.59561872],[26.50335467,37.58624125],[26.49396634,37.58288753],[26.48028016,37.60546172],[26.47375286,37.60257542],[26.48049462,37.59447432],[26.4729979,37.58565533],[26.47880912,37.57632732],[26.46785045,37.56984162],[26.46037793,37.58024526],[26.46737754,37.56025624],[26.47307062,37.57083094],[26.47509778,37.56339598],[26.48208725,37.56478512],[26.47829545,37.55539787],[26.48912323,37.55911195],[26.48551857,37.54734242],[26.49746382,37.54029071],[26.49509954,37.53354561],[26.50223923,37.53493142],[26.50154352,37.52690411],[26.50411642,37.53349936],[26.51270235,37.53046036],[26.50762844,37.54393566],[26.51552618,37.55197334],[26.50020695,37.55952382],[26.4962393,37.57594407],[26.53008473,37.59421694],[26.54779673,37.61999047],[26.53796482,37.61837876],[26.53900552,37.6251477]],[[27.13755763,37.61175692],[27.13949835,37.60688996],[27.14551485,37.60167456],[27.13755763,37.61175692]],[[26.54688954,37.59052765],[26.56690586,37.59667635],[26.56895387,37.60964358],[26.55276203,37.60846555],[26.55704117,37.60148084],[26.53599513,37.59291041],[26.54688954,37.59052765]],[[26.54557466,37.52778566],[26.54598618,37.52768004],[26.5464673,37.52779114],[26.54557466,37.52778566]],[[26.07908344,37.52653623],[26.11045551,37.55365753],[26.21527243,37.56726158],[26.29178405,37.60883105],[26.32311535,37.63108122],[26.3435328,37.66982257],[26.36068487,37.67491412],[26.36522901,37.68958402],[26.29625416,37.67928135],[26.19702494,37.62618864],[26.15142393,37.638363],[26.09824395,37.63040388],[26.08128035,37.63699484],[26.01000106,37.57637644],[25.97394025,37.52270997],[25.97872651,37.5102123],[25.98997104,37.50781023],[26.02772987,37.51750982],[26.05864716,37.51436758],[26.07908344,37.52653623]],[[26.49531937,37.52195454],[26.49575198,37.52191305],[26.49610627,37.52210546],[26.49531937,37.52195454]],[[26.54173791,37.51886785],[26.54090846,37.50884485],[26.54876494,37.51622605],[26.54173791,37.51886785]],[[26.49697912,37.51806295],[26.49562836,37.51816535],[26.49504221,37.51754022],[26.49697912,37.51806295]],[[24.91895544,37.5040822],[24.87618077,37.51064646],[24.89999163,37.49259448],[24.89156663,37.47877705],[24.90154517,37.47335565],[24.89199543,37.47256827],[24.89469504,37.46308517],[24.88745415,37.46114683],[24.89857996,37.45809495],[24.90014887,37.44576454],[24.89047015,37.44703996],[24.88316703,37.43225014],[24.86337066,37.42893112],[24.87780654,37.42127287],[24.85604227,37.40662241],[24.85520518,37.39515162],[24.88438594,37.39247584],[24.87401652,37.38664067],[24.88225365,37.37596774],[24.87655675,37.36192405],[24.9436239,37.39014018],[24.94053876,37.38069105],[24.94670534,37.38119125],[24.95593154,37.39419961],[24.97382343,37.40088296],[24.95393574,37.43076956],[24.93874323,37.43085957],[24.94995976,37.44655287],[24.95067871,37.47585118],[24.94187427,37.49185121],[24.91895544,37.5040822]],[[25.34476328,37.4999119],[25.3125,37.4921875],[25.30774856,37.48405051],[25.31035328,37.46995652],[25.32850397,37.46289134],[25.32948494,37.44941294],[25.32326686,37.42647851],[25.30754125,37.43967915],[25.30007541,37.43122673],[25.31280673,37.41834736],[25.30645478,37.40156162],[25.31693053,37.40554094],[25.32301056,37.42149353],[25.3344475,37.40967345],[25.34352231,37.41456735],[25.34866917,37.40279067],[25.38709343,37.42250144],[25.39928472,37.41331887],[25.40546882,37.43369234],[25.42000258,37.42924261],[25.42659974,37.43448782],[25.41873205,37.43899322],[25.42306626,37.44224334],[25.45958304,37.44629371],[25.46144056,37.47498286],[25.4288249,37.4713068],[25.43033195,37.48262525],[25.41142094,37.48010075],[25.40349627,37.49590731],[25.38691628,37.49642742],[25.37872422,37.49034536],[25.38421547,37.46998775],[25.37529206,37.46124876],[25.36109781,37.47479105],[25.360273,37.49644744],[25.34476328,37.4999119]],[[25.36506927,37.49141383],[25.36520934,37.49104333],[25.36541867,37.49080861],[25.36506927,37.49141383]],[[26.97756934,37.48572516],[26.97773576,37.48507273],[26.97796178,37.48470235],[26.97756934,37.48572516]],[[26.95383585,37.48508978],[26.95342886,37.48550975],[26.94990218,37.48549104],[26.95383585,37.48508978]],[[26.99541247,37.47820735],[26.98488641,37.47504914],[27.00700772,37.47823894],[26.99541247,37.47820735]],[[26.97202837,37.47763991],[26.97730112,37.47209334],[26.92513084,37.47509444],[26.94054413,37.47074401],[26.94654596,37.45803702],[26.93976438,37.45852375],[26.95093596,37.44437432],[26.96180165,37.44385755],[26.96616781,37.45646274],[26.97780097,37.44431198],[26.99088788,37.46185696],[27.00753331,37.45472598],[26.99755263,37.46858168],[26.97202837,37.47763991]],[[27.00327945,37.46596205],[27.00357556,37.46553493],[27.00399017,37.46530414],[27.00327945,37.46596205]],[[25.49030983,37.44350135],[25.49032164,37.46116614],[25.47686422,37.45253956],[25.48125005,37.44140625],[25.49030983,37.44350135]],[[26.98034775,37.42934155],[26.97484195,37.42552948],[26.98712695,37.42858708],[26.98034775,37.42934155]],[[25.57554626,37.41970694],[25.57583034,37.41949916],[25.57778335,37.42121351],[25.57554626,37.41970694]],[[25.56959915,37.41371691],[25.55811834,37.40991831],[25.57069242,37.40907514],[25.57515693,37.41692317],[25.56959915,37.41371691]],[[26.44394708,37.41006255],[26.44448066,37.40994155],[26.44504797,37.41001785],[26.44394708,37.41006255]],[[26.71717036,37.41269445],[26.71006441,37.40188575],[26.71662521,37.38822305],[26.73646772,37.38019407],[26.73270583,37.3721956],[26.74184418,37.37542784],[26.74476457,37.36134124],[26.75962865,37.37438786],[26.71717036,37.41269445]],[[26.72348237,37.40387905],[26.72401607,37.40377641],[26.72467542,37.40379035],[26.72348237,37.40387905]],[[26.74945974,37.36362314],[26.74932802,37.36280358],[26.74938297,37.36169064],[26.74945974,37.36362314]],[[26.76841736,37.35736597],[26.76813686,37.35721731],[26.76343572,37.35716701],[26.76841736,37.35736597]],[[26.75668836,37.35204685],[26.75614285,37.35214722],[26.75562537,37.35188282],[26.75668836,37.35204685]],[[26.5998342,37.35202336],[26.59691882,37.36578071],[26.57524288,37.36693776],[26.57743084,37.37666297],[26.56688273,37.38022435],[26.56188345,37.36944091],[26.54671013,37.36642301],[26.53319573,37.37853146],[26.53246534,37.36136484],[26.54032433,37.35581541],[26.53336537,37.35030341],[26.54472351,37.33468914],[26.53040552,37.32770276],[26.53749061,37.32054985],[26.52970481,37.31517994],[26.52737784,37.28754377],[26.55480635,37.29146802],[26.54266775,37.27490902],[26.55957925,37.26592696],[26.57269812,37.26953697],[26.57258093,37.28248715],[26.56005406,37.29239965],[26.56101048,37.30212355],[26.5726912,37.3069005],[26.54382324,37.32872975],[26.56070244,37.32612646],[26.55613136,37.34178185],[26.56849766,37.34348667],[26.56750965,37.35146391],[26.61182594,37.33618104],[26.5998342,37.35202336]],[[26.72268772,37.34177005],[26.72295153,37.34128022],[26.72342813,37.34129977],[26.72268772,37.34177005]],[[26.56719995,37.33745587],[26.56708646,37.33776164],[26.56684947,37.33811581],[26.56719995,37.33745587]],[[26.59262335,37.33771825],[26.59301722,37.33758461],[26.59357452,37.33769095],[26.59262335,37.33771825]],[[26.58721065,37.34317672],[26.58626735,37.34323263],[26.58592617,37.34305751],[26.58721065,37.34317672]],[[26.70863235,37.33107305],[26.70846415,37.33075726],[26.70831501,37.33033645],[26.70863235,37.33107305]],[[27.32649565,37.33114326],[27.33173513,37.32189715],[27.3338623,37.32990444],[27.32649565,37.33114326]],[[26.73754275,37.32455575],[26.72112787,37.32813823],[26.72351408,37.31759048],[26.71142328,37.31973755],[26.7162714,37.30184352],[26.73613465,37.29981601],[26.74513626,37.29089057],[26.76297772,37.29710042],[26.76417804,37.27819598],[26.77810526,37.28311336],[26.78359985,37.27531254],[26.78398645,37.28524554],[26.79231501,37.28866863],[26.78727996,37.30800307],[26.75792742,37.30563056],[26.74004388,37.31338501],[26.74414468,37.31913876],[26.73754275,37.32455575]],[[26.80538464,37.31545103],[26.80582464,37.31529224],[26.80643451,37.31539416],[26.80538464,37.31545103]],[[26.80259335,37.30650485],[26.80317903,37.30643153],[26.80385923,37.30658221],[26.80259335,37.30650485]],[[27.09016192,37.30753636],[27.07849896,37.28930342],[27.08565295,37.27455485],[27.10441995,37.27980864],[27.08867264,37.29101944],[27.09995735,37.30122685],[27.09016192,37.30753636]],[[27.36499405,37.28311074],[27.36335981,37.28100133],[27.36335897,37.28066015],[27.36499405,37.28311074]],[[26.79973352,37.28565276],[26.79926348,37.28594232],[26.79870415,37.28529573],[26.79973352,37.28565276]],[[26.80702937,37.30673277],[26.80573332,37.30701411],[26.80494404,37.30649662],[26.80702937,37.30673277]],[[26.74604535,37.27417922],[26.74506247,37.27433884],[26.74473453,37.27398431],[26.74604535,37.27417922]],[[26.73582637,37.27203441],[26.74294305,37.27337301],[26.73047817,37.27403355],[26.73582637,37.27203441]],[[26.74872053,37.27036571],[26.74817824,37.27029955],[26.74757886,37.27026141],[26.74872053,37.27036571]],[[26.75759053,37.26929224],[26.75583005,37.26777387],[26.7560575,37.26685524],[26.75759053,37.26929224]],[[26.75261855,37.26764226],[26.75188315,37.26769161],[26.75125527,37.26734984],[26.75261855,37.26764226]],[[23.28824925,37.26496935],[23.28273642,37.26947927],[23.28811312,37.27331126],[23.27900815,37.27563763],[23.27338302,37.26020193],[23.28824925,37.26496935]],[[23.31767225,37.26138306],[23.31723166,37.26093555],[23.31702781,37.26054621],[23.31767225,37.26138306]],[[24.59747624,37.26045096],[24.58280265,37.251001],[24.61255372,37.25129211],[24.59747624,37.26045096]],[[26.71413255,37.25373995],[26.7221961,37.25431681],[26.71749997,37.25945246],[26.71413255,37.25373995]],[[26.81040096,37.25544083],[26.8121562,37.25410032],[26.81326663,37.25438023],[26.81040096,37.25544083]],[[23.16366303,37.25010908],[23.16907167,37.2626425],[23.14370811,37.27517641],[23.11490405,37.28257835],[23.09227025,37.27673411],[23.12843156,37.23605347],[23.15642607,37.2359637],[23.16366303,37.25010908]],[[25.92605364,37.239434],[25.92537844,37.23930287],[25.92517304,37.2388792],[25.92605364,37.239434]],[[23.36618745,37.28168404],[23.36662781,37.28161788],[23.36700153,37.28172398],[23.36618745,37.28168404]],[[23.33963573,37.27618766],[23.34002483,37.27580535],[23.34055233,37.2757138],[23.33963573,37.27618766]],[[23.44232166,37.25407398],[23.44210506,37.25377083],[23.44192374,37.2534492],[23.44232166,37.25407398]],[[23.31497824,37.26016462],[23.31505787,37.2604115],[23.31484628,37.26053214],[23.31497824,37.26016462]],[[23.36376047,37.27442026],[23.36339438,37.27401555],[23.36291325,37.27363801],[23.36376047,37.27442026]],[[23.35258567,37.26606214],[23.35278451,37.26592314],[23.35323381,37.26599693],[23.35258567,37.26606214]],[[26.76929295,37.27525067],[26.76980233,37.27509737],[26.77075064,37.27539122],[26.76929295,37.27525067]],[[26.57193637,37.2904067],[26.56855595,37.29743302],[26.56566215,37.29140067],[26.57193637,37.2904067]],[[26.60678005,37.30618918],[26.60717583,37.3065387],[26.60742104,37.30697024],[26.60678005,37.30618918]],[[23.39881647,37.29304194],[23.4331938,37.30338085],[23.44750404,37.31642222],[23.50256014,37.31756866],[23.50285947,37.34191322],[23.56628966,37.35495734],[23.57903576,37.36599255],[23.54718685,37.37105274],[23.53596282,37.36165142],[23.51905215,37.37054884],[23.38346148,37.3157655],[23.37591815,37.30290616],[23.36344087,37.29924524],[23.39474046,37.30095124],[23.39881647,37.29304194]],[[23.38831103,37.29571295],[23.38806474,37.29579425],[23.3872143,37.29524183],[23.38831103,37.29571295]],[[23.20586896,37.30611622],[23.20545137,37.30651104],[23.20506978,37.30681503],[23.20586896,37.30611622]],[[23.35620606,37.30638838],[23.35660434,37.30635405],[23.35688412,37.30649757],[23.35620606,37.30638838]],[[23.37049866,37.31044197],[23.37814844,37.31581128],[23.36508071,37.31036234],[23.37049866,37.31044197]],[[23.30879617,37.32016802],[23.35660255,37.33053756],[23.36235952,37.34119725],[23.35096991,37.35047305],[23.3375802,37.33530402],[23.32485116,37.34732807],[23.28278744,37.33949494],[23.28744841,37.32846081],[23.30879617,37.32016802]],[[24.39652824,37.36665583],[24.38280845,37.35614121],[24.38631415,37.35127914],[24.37898934,37.35170615],[24.37356186,37.33775783],[24.37872124,37.33447206],[24.36896896,37.33296323],[24.37340581,37.31131208],[24.36129677,37.31173801],[24.36255264,37.29973447],[24.39367914,37.30431843],[24.40126681,37.31690955],[24.41184688,37.3164258],[24.41612911,37.33277726],[24.42777657,37.33152378],[24.43170214,37.34630024],[24.44564974,37.34818196],[24.44284654,37.35539591],[24.45961893,37.37785375],[24.45375144,37.38776696],[24.45931053,37.38741314],[24.45821047,37.39595556],[24.46034574,37.39053941],[24.47196162,37.39521587],[24.47262466,37.38615406],[24.48686767,37.39924395],[24.46934772,37.42742622],[24.44164932,37.42829132],[24.44459605,37.43953121],[24.42664385,37.44153488],[24.43881905,37.48266065],[24.4090203,37.47030067],[24.36297596,37.42059565],[24.39727581,37.41217864],[24.38866866,37.40948653],[24.39834726,37.39961934],[24.38822007,37.39809477],[24.39617872,37.39283776],[24.38816643,37.39071321],[24.38682222,37.37749183],[24.39652824,37.36665583]],[[24.36520624,37.40998721],[24.3661561,37.41017497],[24.36732995,37.41027522],[24.36520624,37.40998721]],[[23.53231561,37.43614125],[23.53176606,37.43641758],[23.53144991,37.43675602],[23.53231561,37.43614125]],[[23.53823257,37.4364295],[23.54680085,37.44358265],[23.53514326,37.44089162],[23.53823257,37.4364295]],[[23.93868911,37.46011245],[23.93038285,37.4811902],[23.89704073,37.48993325],[23.93868911,37.46011245]],[[23.47614324,37.49054706],[23.47561395,37.49095845],[23.47461486,37.4911834],[23.47614324,37.49054706]],[[24.87328208,37.38008153],[24.87444747,37.37986207],[24.87596405,37.37986672],[24.87328208,37.38008153]],[[24.87269866,37.37592101],[24.87245643,37.37548065],[24.87208474,37.37513065],[24.87269866,37.37592101]],[[24.52226996,37.30490315],[24.52184987,37.30426896],[24.52176094,37.30152655],[24.52226996,37.30490315]],[[25.22042882,37.36777663],[25.23501003,37.37434554],[25.24047852,37.38660193],[25.2519567,37.37592006],[25.25702906,37.39191341],[25.25386262,37.40090191],[25.24091864,37.39093792],[25.23263323,37.39985764],[25.24002635,37.42067802],[25.22083664,37.44003916],[25.21862865,37.42514932],[25.19792604,37.43231332],[25.21521628,37.39940155],[25.22723925,37.4056015],[25.23335445,37.39759314],[25.23504817,37.39104903],[25.21435821,37.37484944],[25.22042882,37.36777663]],[[24.99485767,37.39109838],[24.99515724,37.39149666],[24.99537516,37.39187574],[24.99485767,37.39109838]],[[24.97563136,37.42255223],[24.98045397,37.42854857],[24.96745086,37.42759144],[24.97563136,37.42255223]],[[24.9836719,37.4249953],[24.98547327,37.42349052],[24.98609674,37.42360604],[24.9836719,37.4249953]],[[25.24313211,37.42304266],[25.24301088,37.42241788],[25.24285257,37.42192745],[25.24313211,37.42304266]],[[25.27756906,37.41302085],[25.26483715,37.40360785],[25.26387107,37.36830795],[25.27739155,37.38028884],[25.27756906,37.41302085]],[[25.29515147,37.38871264],[25.29565322,37.38826334],[25.29644966,37.38828218],[25.29515147,37.38871264]],[[25.26168966,37.3978337],[25.26125884,37.39791644],[25.26082635,37.39747155],[25.26168966,37.3978337]],[[25.26171505,37.39929974],[25.26202655,37.39964235],[25.26227582,37.39977884],[25.26171505,37.39929974]],[[26.71366322,37.37265086],[26.71358228,37.37214518],[26.71368992,37.37171125],[26.71366322,37.37265086]],[[26.72371185,37.37012386],[26.72418284,37.36979806],[26.72428453,37.369403],[26.72371185,37.37012386]],[[26.73084831,37.3627218],[26.73161697,37.36228454],[26.73266554,37.36232853],[26.73084831,37.3627218]],[[26.71100795,37.3626616],[26.71279657,37.36751926],[26.69811738,37.37080503],[26.70375395,37.35621583],[26.71100795,37.3626616]],[[26.74788153,37.35969841],[26.74772215,37.3594352],[26.74807143,37.35871005],[26.74788153,37.35969841]],[[26.7419126,37.35934603],[26.7414664,37.35944104],[26.74101484,37.35886824],[26.7419126,37.35934603]],[[26.49015164,37.40765047],[26.49067104,37.40792978],[26.49086678,37.40814137],[26.49015164,37.40765047]],[[25.30722654,37.44140625],[25.30718613,37.44151986],[25.30750334,37.44163275],[25.30722654,37.44140625]],[[23.46446514,37.49422443],[23.46004355,37.50639236],[23.49780095,37.50154936],[23.52421308,37.52105355],[23.51226044,37.52793097],[23.50282502,37.52236462],[23.49200487,37.53736556],[23.48358023,37.53131604],[23.48636091,37.54638302],[23.47634184,37.54508972],[23.48496163,37.56013155],[23.47228897,37.55271268],[23.47539675,37.53356123],[23.42464948,37.52718616],[23.42229235,37.51767385],[23.43372035,37.51934576],[23.45642245,37.50688696],[23.45049024,37.49904275],[23.46446514,37.49422443]],[[24.27552462,37.55341041],[24.27478695,37.52236617],[24.29362452,37.52237153],[24.32991743,37.55878603],[24.36007535,37.57603335],[24.39719272,37.61956656],[24.40097475,37.64575362],[24.41100633,37.6462326],[24.39536321,37.67562628],[24.36196375,37.68503475],[24.348755,37.67507148],[24.34746444,37.68805802],[24.34076965,37.68097353],[24.32541192,37.68190467],[24.32558727,37.67325962],[24.31300127,37.66740167],[24.32838655,37.66592252],[24.31654322,37.65879345],[24.29467034,37.6596148],[24.26760066,37.60864174],[24.27633285,37.59948802],[24.26352334,37.59136987],[24.26290906,37.58057261],[24.28061187,37.57625055],[24.27552462,37.55341041]],[[23.50853455,37.57717276],[23.50813866,37.57735085],[23.50723624,37.57683611],[23.50853455,37.57717276]],[[23.96286356,37.64391315],[23.95550322,37.65756297],[23.93594778,37.64931572],[23.96286356,37.64391315]],[[24.10472965,37.64403915],[24.12964225,37.68144238],[24.12501812,37.68724072],[24.13528144,37.69686592],[24.13667035,37.71144044],[24.15298581,37.72266042],[24.14884818,37.7330662],[24.15531027,37.74087656],[24.14348793,37.75747848],[24.12582946,37.73967385],[24.10463703,37.68005645],[24.10472965,37.64403915]],[[24.98193765,37.67797685],[24.9728533,37.67144024],[24.97297406,37.6570816],[24.98345411,37.65556502],[25.01392305,37.62521732],[25.02932227,37.62213445],[25.02966034,37.61331618],[25.04297698,37.61447537],[25.06164706,37.59222305],[25.06842721,37.59556246],[25.07498241,37.58630335],[25.08530772,37.58707714],[25.08586073,37.57984591],[25.10232186,37.57915354],[25.10299194,37.57104731],[25.11251223,37.56975853],[25.10649776,37.55511165],[25.11383092,37.54950535],[25.13930654,37.55262232],[25.16397345,37.52936006],[25.1890372,37.52434015],[25.23313701,37.53671646],[25.22941995,37.55493963],[25.25516176,37.59199691],[25.25371432,37.61065745],[25.23715258,37.60995555],[25.23628736,37.62127447],[25.22008455,37.62027812],[25.18406951,37.64079964],[25.1704576,37.63539791],[25.14922225,37.64198434],[25.15158045,37.63190877],[25.14076292,37.62995744],[25.14183271,37.63775265],[25.11787593,37.65316355],[25.08598912,37.64756417],[25.07976603,37.64000404],[25.07509482,37.64915383],[25.04909813,37.65330863],[25.06354845,37.66243482],[25.05297887,37.66639626],[25.05239713,37.67552447],[25.03503251,37.66934335],[25.02695096,37.67850316],[25.01705372,37.67105818],[25.00647128,37.67743111],[24.99818814,37.66460836],[24.99462974,37.67501175],[24.98346496,37.66913331],[24.98193765,37.67797685]],[[25.06440282,37.66013324],[25.06406367,37.65955234],[25.06390691,37.65904963],[25.06440282,37.66013324]],[[25.13886845,37.64473343],[25.13916493,37.64451647],[25.13955152,37.64457321],[25.13886845,37.64473343]],[[24.75343168,37.58623481],[24.75306261,37.58664298],[24.75118125,37.58813417],[24.75343168,37.58623481]],[[24.7466191,37.59103382],[24.73556376,37.60231972],[24.74333453,37.63388121],[24.70709836,37.6309334],[24.68523705,37.60671175],[24.65641296,37.61065125],[24.64984286,37.60519171],[24.7466191,37.59103382]],[[23.48674667,37.55153275],[23.48703015,37.55182743],[23.48701453,37.55230355],[23.48674667,37.55153275]],[[23.52766526,37.5070343],[23.52826607,37.50700331],[23.52880406,37.50714195],[23.52766526,37.5070343]],[[26.48788285,37.51797903],[26.48697484,37.51818407],[26.48631561,37.51754427],[26.48788285,37.51797903]],[[26.58637416,37.67692113],[26.58648956,37.67635405],[26.58696985,37.6765033],[26.58637416,37.67692113]],[[26.42527926,37.60124028],[26.43146884,37.60036552],[26.42747962,37.60599744],[26.42527926,37.60124028]],[[26.43656564,37.59880948],[26.42597187,37.58673477],[26.41277134,37.58874297],[26.39586937,37.57552195],[26.43832207,37.57745254],[26.43474233,37.56600726],[26.45050454,37.56379461],[26.45920086,37.57785857],[26.45433152,37.59483504],[26.43656564,37.59880948]],[[26.41630006,37.52974093],[26.42077994,37.53386235],[26.41293573,37.53388357],[26.41630006,37.52974093]],[[24.75086403,37.85243332],[24.75045264,37.85333776],[24.75005984,37.85393834],[24.75086403,37.85243332]],[[24.73572493,37.8505094],[24.73644865,37.85139775],[24.73674655,37.85250175],[24.73572493,37.8505094]],[[24.74499273,37.85101128],[24.74552822,37.85099697],[24.74594915,37.85121906],[24.74499273,37.85101128]],[[24.74726558,37.85733855],[24.74686682,37.85748947],[24.74646604,37.85718513],[24.74726558,37.85733855]],[[24.05193198,37.87005484],[24.05155206,37.87049937],[24.05118644,37.87090337],[24.05193198,37.87005484]],[[24.02469242,37.88103342],[24.02424431,37.88148975],[24.02366257,37.88177013],[24.02469242,37.88103342]],[[24.04404211,37.88162255],[24.04532945,37.88149464],[24.04617643,37.88156486],[24.04404211,37.88162255]],[[24.04329443,37.91822791],[24.04274034,37.91841042],[24.04230785,37.91838443],[24.04329443,37.91822791]],[[24.52676356,37.93250954],[24.52708006,37.93349946],[24.52732706,37.93422461],[24.52676356,37.93250954]],[[24.2484411,37.97454417],[24.25216556,37.98321497],[24.27752876,37.9777832],[24.28484654,37.99385452],[24.27963507,38.01070094],[24.25697792,38.02477264],[24.24328852,38.01941216],[24.22885323,37.98533583],[24.2484411,37.97454417]],[[24.27000535,38.02434754],[24.27395701,38.02947187],[24.26598036,38.02802861],[24.27000535,38.02434754]],[[24.25120056,38.02942073],[24.25141215,38.02992523],[24.25157034,38.03064775],[24.25120056,38.02942073]],[[24.28190815,38.03009117],[24.27945185,38.01463306],[24.29423368,38.00946546],[24.2965095,38.03445876],[24.28527057,38.03736615],[24.28190815,38.03009117]],[[24.25769746,38.03395367],[24.2578125,38.03404021],[24.25915062,38.03399026],[24.25769746,38.03395367]],[[24.28525162,38.00267994],[24.28650582,38.0026443],[24.28737211,38.00300622],[24.28525162,38.00267994]],[[24.27882135,38.04737425],[24.27008724,38.04534042],[24.27888811,38.04192746],[24.27882135,38.04737425]],[[24.26088643,38.04786575],[24.25999343,38.04805672],[24.25952876,38.04738295],[24.26088643,38.04786575]],[[24.21287596,38.08422101],[24.2124269,38.08432674],[24.21217406,38.0840162],[24.21287596,38.08422101]],[[24.15817845,38.08382416],[24.15812016,38.08415055],[24.15828025,38.08457446],[24.15817845,38.08382416]],[[24.16371405,38.15079784],[24.16383433,38.15108395],[24.16350508,38.15144634],[24.16371405,38.15079784]],[[24.16560674,38.15561497],[24.16602325,38.17057025],[24.1743499,38.17077351],[24.17912746,38.18154836],[24.14955175,38.18154883],[24.14967835,38.17106342],[24.16560674,38.15561497]],[[24.10592306,38.18260145],[24.10572565,38.18289411],[24.10544634,38.18325186],[24.10592306,38.18260145]],[[24.10002935,38.18512344],[24.10014605,38.1853559],[24.10007012,38.18550026],[24.10002935,38.18512344]],[[24.14379156,38.18762422],[24.14435005,38.18755341],[24.14489985,38.18765581],[24.14379156,38.18762422]],[[24.16810977,38.18795705],[24.16781855,38.18753564],[24.16750681,38.1870718],[24.16810977,38.18795705]],[[24.14728105,38.21104896],[24.14693725,38.21133363],[24.14671755,38.21158361],[24.14728105,38.21104896]],[[24.10710442,38.23571265],[24.09852767,38.23425496],[24.09581542,38.21248198],[24.1112051,38.21820557],[24.10710442,38.23571265]],[[24.13165665,38.23608744],[24.13239765,38.23607814],[24.13286531,38.23620915],[24.13165665,38.23608744]],[[24.14190102,38.27370358],[24.14164937,38.27377427],[24.14104426,38.27323437],[24.14190102,38.27370358]],[[24.10610235,38.29794467],[24.10583925,38.29809988],[24.10569763,38.29795456],[24.10610235,38.29794467]],[[24.05794215,38.31757104],[24.05820775,38.31790745],[24.05840266,38.31829107],[24.05794215,38.31757104]],[[23.79933715,38.38059688],[23.79956436,38.38101876],[23.79971933,38.38176358],[23.79933715,38.38059688]],[[23.81432748,38.38134837],[23.81460321,38.38101006],[23.81486416,38.38102007],[23.81432748,38.38134837]],[[23.60409713,38.44696033],[23.60365474,38.44704044],[23.60316765,38.44674504],[23.60409713,38.44696033]],[[23.38985872,38.52137661],[23.38950503,38.52157307],[23.38881612,38.52124202],[23.38985872,38.52137661]],[[23.09642065,38.68287528],[23.08740926,38.66549075],[23.10308695,38.671875],[23.09642065,38.68287528]],[[22.82137454,38.80937922],[22.82100737,38.80946481],[22.82062542,38.80927706],[22.82137454,38.80937922]],[[22.81875253,38.82549214],[22.81168997,38.82676065],[22.82034731,38.81650615],[22.81875253,38.82549214]],[[23.07139695,39.00785184],[23.07703423,39.00969386],[23.05928326,39.00944901],[23.07139695,39.00785184]],[[24.05960774,39.03321815],[24.06121123,39.03180397],[24.06132495,39.03198802],[24.05960774,39.03321815]],[[24.46649623,39.01734591],[24.46658766,39.01676905],[24.46655047,39.01637781],[24.46649623,39.01734591]],[[24.48451495,39.00515974],[24.48414421,39.00509965],[24.48384142,39.00514913],[24.48451495,39.00515974]],[[23.44137645,38.95401466],[23.44176161,38.95373011],[23.44235384,38.95377314],[23.44137645,38.95401466]],[[24.45143735,38.93037915],[24.45150137,38.93000555],[24.45176351,38.92954898],[24.45143735,38.93037915]],[[24.46247447,38.91404617],[24.46311915,38.91364801],[24.46366894,38.91370702],[24.46247447,38.91404617]],[[24.43429542,38.86818802],[24.43467557,38.86814666],[24.43520963,38.86822236],[24.43429542,38.86818802]],[[24.34963322,38.84765625],[24.34112263,38.83650601],[24.34432161,38.82942152],[24.35710812,38.82572854],[24.37319374,38.83416307],[24.37020731,38.84363234],[24.34963322,38.84765625]],[[24.49925303,38.8372004],[24.477934,38.80871117],[24.4908061,38.79725635],[24.50888586,38.83481574],[24.49925303,38.8372004]],[[24.52343714,38.79740393],[24.52292097,38.79723275],[24.52262282,38.79693794],[24.52343714,38.79740393]],[[24.43370211,38.83669937],[24.42732835,38.82856083],[24.43384445,38.82028854],[24.43370211,38.83669937]],[[24.51072752,38.78960753],[24.5105412,38.78946185],[24.51063645,38.78921235],[24.51072752,38.78960753]],[[24.59042096,38.75950778],[24.59224606,38.76724756],[24.57835364,38.76703405],[24.59042096,38.75950778]],[[23.33218682,39.04375195],[23.33286321,39.04421878],[23.33319485,39.04465973],[23.33218682,39.04375195]],[[24.07910156,39.04468083],[24.08006835,39.04459095],[24.08176005,39.04592681],[24.07910156,39.04468083]],[[24.09980655,39.05375743],[24.12762046,39.06566656],[24.12210166,39.06844497],[24.12769926,39.07312822],[24.11542773,39.07590163],[24.11672413,39.10507405],[24.09979081,39.09279418],[24.10252953,39.07516801],[24.11373568,39.06715584],[24.09980655,39.05375743]],[[24.09689355,39.06990373],[24.10124803,39.07379341],[24.09092236,39.06748295],[24.09689355,39.06990373]],[[23.72217226,39.06966352],[23.76674867,39.08756852],[23.79317236,39.1229918],[23.78282106,39.12971842],[23.74515521,39.13050687],[23.73259723,39.11917353],[23.72333825,39.12911105],[23.72912657,39.13632703],[23.72152221,39.14779997],[23.65131307,39.17170691],[23.63533998,39.19238317],[23.61446905,39.19821215],[23.61042595,39.21136141],[23.59146595,39.20767605],[23.58985555,39.19632626],[23.61989856,39.16183567],[23.62508941,39.14469397],[23.64338613,39.1385324],[23.65464747,39.12180555],[23.65074551,39.11183846],[23.66255856,39.11147654],[23.66094315,39.10513365],[23.65536153,39.10806715],[23.6583966,39.08944893],[23.65210867,39.08524692],[23.69782305,39.08893716],[23.70934868,39.08320415],[23.70606232,39.07341886],[23.72217226,39.06966352]],[[23.62783575,39.11289191],[23.62773371,39.11311758],[23.62758493,39.1134119],[23.62783575,39.11289191]],[[23.50200605,39.11501074],[23.50799763,39.11599076],[23.50450385,39.12620986],[23.49630666,39.12997842],[23.49453235,39.11838114],[23.50200605,39.11501074]],[[23.48188865,39.12683165],[23.48132408,39.12703717],[23.48079383,39.1264888],[23.48188865,39.12683165]],[[23.46085894,39.12699997],[23.46552265,39.13692355],[23.45821655,39.14003766],[23.47535336,39.15967667],[23.48828912,39.15849566],[23.50191581,39.16903651],[23.50028121,39.15716791],[23.50627232,39.15718865],[23.51584375,39.17901194],[23.5050503,39.19432831],[23.46272683,39.20818865],[23.46236956,39.21426535],[23.44100022,39.19777358],[23.44360626,39.18172324],[23.39871323,39.16998613],[23.38623273,39.15655196],[23.39029086,39.14049613],[23.40426874,39.14867735],[23.42624545,39.13578296],[23.44497621,39.14109874],[23.44748843,39.12950528],[23.46085894,39.12699997]],[[23.88017797,39.21206558],[23.86620295,39.20217574],[23.87538648,39.19660985],[23.86892462,39.188627],[23.87909508,39.17662752],[23.83099997,39.15451431],[23.82963276,39.13877511],[23.84360075,39.14025533],[23.85369182,39.13055277],[23.87078941,39.13755834],[23.86430085,39.14288986],[23.88250363,39.14869833],[23.8871057,39.16044843],[23.90574515,39.16080856],[23.89971006,39.16900146],[23.92128897,39.17657065],[23.93108726,39.20516205],[23.98345566,39.26855242],[23.95793533,39.27594912],[23.94456697,39.27156413],[23.95906305,39.28134167],[23.95480502,39.29387188],[23.94914091,39.29235482],[23.91842055,39.25615776],[23.90926087,39.22941184],[23.88292813,39.22163475],[23.88017797,39.21206558]],[[24.06934786,39.29276454],[24.09753418,39.31285965],[24.09286833,39.32511437],[24.09937763,39.34978294],[24.09215987,39.34528983],[24.09083104,39.35553932],[24.07494462,39.35149205],[24.07700336,39.36963701],[24.05158854,39.35340595],[24.03953922,39.32337987],[24.06474805,39.31664813],[24.04766571,39.30359375],[24.06934786,39.29276454]],[[24.04133165,39.31378174],[24.04128325,39.31481791],[24.04074204,39.31547093],[24.04133165,39.31378174]],[[24.31856263,39.35761237],[24.31156433,39.33733737],[24.32391667,39.33051586],[24.33373654,39.35167944],[24.33192778,39.36943746],[24.32272565,39.36906481],[24.31856263,39.35761237]],[[26.14099085,39.33299971],[26.14133477,39.33290494],[26.14188838,39.33302104],[26.14099085,39.33299971]],[[24.14282143,39.33684254],[24.14410806,39.34339976],[24.13101065,39.34831226],[24.14282143,39.33684254]],[[24.12050331,39.35586953],[24.1200037,39.35607755],[24.11962783,39.35583735],[24.12050331,39.35586953]],[[23.97240865,39.19986403],[23.9779917,39.19566476],[23.97302556,39.19132292],[23.93929505,39.18308938],[23.94327974,39.17177677],[23.95615113,39.16357744],[23.96668303,39.17073214],[23.96907151,39.16388404],[23.98540163,39.16528642],[23.98802984,39.18551886],[23.97986591,39.19101203],[23.98784935,39.19455695],[23.99304616,39.21322298],[23.98222995,39.20896661],[23.98231316,39.23087442],[23.97242343,39.24044776],[23.96139753,39.21960235],[23.97240865,39.19986403]],[[23.99810648,39.23228502],[23.99832726,39.22316766],[24.00728071,39.22694957],[23.99810648,39.23228502]],[[25.83759987,39.22354484],[25.83116424,39.2118268],[25.83786047,39.20338643],[25.84390485,39.22568047],[25.83759987,39.22354484]],[[25.82143974,39.19824707],[25.8217988,39.19816744],[25.82206798,39.19921875],[25.82143974,39.19824707]],[[23.99153697,39.13169634],[23.98940015,39.12984157],[23.9889189,39.12927616],[23.99153697,39.13169634]],[[23.98023415,39.12357175],[23.97261143,39.11195731],[23.98010051,39.10302615],[23.98023415,39.12357175]],[[24.0950042,39.10308766],[24.09484875,39.10279894],[24.09485614,39.10254371],[24.0950042,39.10308766]],[[24.09808242,39.10252428],[24.09699786,39.10209405],[24.09616876,39.10151565],[24.09808242,39.10252428]],[[23.80472505,39.13855207],[23.79540396,39.13192737],[23.80399537,39.13118064],[23.80472505,39.13855207]],[[23.80800128,39.13888085],[23.80872655,39.13882005],[23.80934584,39.13900018],[23.80800128,39.13888085]],[[23.86302495,39.19921875],[23.86295676,39.19932008],[23.86327696,39.19945884],[23.86302495,39.19921875]],[[23.51827192,39.16720724],[23.51858842,39.16714931],[23.51894772,39.16727924],[23.51827192,39.16720724]],[[23.51413882,39.15478766],[23.51227486,39.15359855],[23.51240551,39.15332055],[23.51413882,39.15478766]],[[23.5254333,39.14598358],[23.52575731,39.1459552],[23.52621126,39.14610565],[23.5254333,39.14598358]],[[23.50189972,39.15368974],[23.50112486,39.15376842],[23.50085413,39.15359473],[23.50189972,39.15368974]],[[23.63277602,39.11529708],[23.64330506,39.11482704],[23.63530624,39.12025654],[23.63277602,39.11529708]],[[26.07654715,39.07562804],[26.0768193,39.07522178],[26.07736754,39.07489216],[26.07654715,39.07562804]],[[26.10475171,39.1038717],[26.10412133,39.10459673],[26.10349858,39.10499334],[26.10475171,39.1038717]],[[26.56864846,39.38308215],[26.5697273,39.37861192],[26.57001138,39.37813914],[26.56864846,39.38308215]],[[26.59504485,39.35041416],[26.58589494,39.34312904],[26.60156524,39.34421325],[26.59504485,39.35041416]],[[26.57874966,39.34416831],[26.57736421,39.34483016],[26.57457757,39.34119892],[26.57874966,39.34416831]],[[26.60068214,39.33323204],[26.61370134,39.33605683],[26.60209084,39.34237015],[26.59543645,39.33673716],[26.60068214,39.33323204]],[[23.0662539,39.15005481],[23.09084892,39.15849638],[23.09491646,39.16829038],[23.06837845,39.16651595],[23.0662539,39.15005481]],[[23.20622206,39.16861176],[23.19578755,39.15181565],[23.20898247,39.15973365],[23.20622206,39.16861176]],[[22.90168607,39.17563057],[22.90172994,39.17601872],[22.90174735,39.17641461],[22.90168607,39.17563057]],[[23.05232537,39.1759268],[23.05450058,39.18378711],[23.04803312,39.17918718],[23.05232537,39.1759268]],[[23.1024332,38.64182591],[23.10721111,38.63310885],[23.12323153,38.64460611],[23.10132873,38.64760041],[23.1024332,38.64182591]],[[23.12413275,38.63458753],[23.12468576,38.63451564],[23.12504327,38.63471067],[23.12413275,38.63458753]],[[23.50404501,38.48691821],[23.50444114,38.48669255],[23.50499904,38.48670804],[23.50404501,38.48691821]],[[23.34200823,37.67303967],[23.35145485,37.68594706],[23.37436354,37.6938585],[23.36567688,37.71115994],[23.34633565,37.71407056],[23.32645404,37.69504023],[23.32472181,37.67509091],[23.34200823,37.67303967]],[[23.31748903,37.68484175],[23.30954111,37.67875588],[23.3192625,37.67712891],[23.31748903,37.68484175]],[[23.25972652,37.69805694],[23.27040565,37.7094146],[23.25195253,37.70526755],[23.25972652,37.69805694]],[[23.23840976,37.70364785],[23.23794842,37.70377064],[23.2367419,37.70319974],[23.23840976,37.70364785]],[[23.46275175,37.71166933],[23.46812487,37.69798303],[23.44976211,37.69361651],[23.44989026,37.68779373],[23.46999395,37.67608476],[23.48235786,37.67334366],[23.51806605,37.68729806],[23.52595186,37.6932199],[23.52372515,37.71348405],[23.54240096,37.72875643],[23.53646994,37.7422235],[23.55493164,37.74470222],[23.5643301,37.76944113],[23.46965134,37.77489805],[23.4184345,37.76279271],[23.43469846,37.72840667],[23.46275175,37.71166933]],[[23.38851345,37.72417235],[23.38904023,37.72473395],[23.38937771,37.72522855],[23.38851345,37.72417235]],[[23.17395377,37.76389027],[23.1734122,37.76398385],[23.17288232,37.76349044],[23.17395377,37.76389027]],[[23.75673163,37.77516174],[23.75706637,37.76290643],[23.76808882,37.76589835],[23.76728022,37.77697241],[23.75673163,37.77516174]],[[23.92245984,37.71518147],[23.92206061,37.71507716],[23.92175484,37.71493852],[23.92245984,37.71518147]],[[23.90684855,37.71411967],[23.89417195,37.70864677],[23.90256774,37.70639634],[23.90684855,37.71411967]],[[23.43196118,37.68549013],[23.44334054,37.69374704],[23.43219018,37.69684386],[23.42299736,37.68597353],[23.43196118,37.68549013]],[[23.76754618,37.78063846],[23.76698506,37.78072834],[23.76676094,37.78065062],[23.76754618,37.78063846]],[[23.33724785,37.79717803],[23.33787668,37.79737115],[23.33836174,37.79805374],[23.33724785,37.79717803]],[[23.26122868,37.79955804],[23.26185167,37.79995322],[23.26237953,37.80049443],[23.26122868,37.79955804]],[[23.25201654,37.80198955],[23.25669444,37.81375325],[23.23735201,37.8156805],[23.247738,37.80531907],[23.24341202,37.80234134],[23.25201654,37.80198955]],[[23.25712001,37.81575811],[23.27167714,37.82212782],[23.2533648,37.82392764],[23.25712001,37.81575811]],[[23.4531939,37.81672454],[23.45344806,37.81627905],[23.45395291,37.81597102],[23.4531939,37.81672454]],[[23.46566272,37.81619525],[23.46151662,37.81291962],[23.475196,37.81343043],[23.46566272,37.81619525]],[[23.38091064,37.81278884],[23.38063335,37.81296825],[23.38035643,37.81301165],[23.38091064,37.81278884]],[[23.26370931,37.81048775],[23.26328421,37.81057167],[23.2625463,37.81009257],[23.26370931,37.81048775]],[[23.3612411,37.81581056],[23.36060607,37.81615186],[23.36008906,37.81630504],[23.3612411,37.81581056]],[[23.32247686,37.80436325],[23.32275414,37.8041805],[23.32329333,37.8042351],[23.32247686,37.80436325]],[[23.32163811,37.80312812],[23.32107401,37.80256391],[23.32097757,37.80237484],[23.32163811,37.80312812]],[[23.74744952,37.83512962],[23.74798357,37.83547056],[23.74827015,37.83581197],[23.74744952,37.83512962]],[[23.14276505,37.85724032],[23.14332044,37.85732758],[23.14367402,37.85748041],[23.14276505,37.85724032]],[[23.08683324,37.86542702],[23.08720565,37.86556435],[23.08754206,37.86570525],[23.08683324,37.86542702]],[[23.45422494,37.87735868],[23.48614585,37.88664222],[23.48996115,37.90037847],[23.51570344,37.89582944],[23.51184905,37.91308844],[23.53271115,37.91095686],[23.53282273,37.92059994],[23.54633892,37.92509878],[23.53718054,37.93112111],[23.53963244,37.94038022],[23.57841563,37.94624615],[23.53822863,37.94847095],[23.5507971,37.95297706],[23.527444,37.95829594],[23.53016138,37.97448027],[23.53973424,37.98136497],[23.52120852,37.99653888],[23.47756183,38.00087321],[23.46748996,37.99595881],[23.47737098,37.98291624],[23.46069574,37.97756505],[23.41864264,37.98420405],[23.41905165,37.97751236],[23.45161915,37.97247314],[23.41518486,37.95688033],[23.42380822,37.95109796],[23.49712968,37.96114767],[23.46944594,37.92457211],[23.40549767,37.92952788],[23.41233444,37.91980743],[23.40448713,37.91389203],[23.40914512,37.89852333],[23.40204537,37.89432025],[23.4281075,37.88864183],[23.44327438,37.87374425],[23.45422494,37.87735868]],[[23.39636004,37.90479314],[23.39160144,37.90289915],[23.40246284,37.90285015],[23.39636004,37.90479314]],[[23.40312505,37.96242881],[23.40233695,37.96253335],[23.40138471,37.96251535],[23.40312505,37.96242881]],[[23.36909175,37.96441174],[23.36891115,37.96481001],[23.36841953,37.9653033],[23.36909175,37.96441174]],[[23.41656554,37.96523094],[23.42631364,37.96580005],[23.41036916,37.96754885],[23.41656554,37.96523094]],[[23.55929625,37.99852645],[23.56045306,37.99840808],[23.56153011,37.99861491],[23.55929625,37.99852645]],[[23.54094994,37.99669456],[23.53405023,37.99225307],[23.53784776,37.98668861],[23.54094994,37.99669456]],[[23.53992903,37.96055555],[23.54071534,37.96043324],[23.54110837,37.96044636],[23.53992903,37.96055555]],[[23.58865356,37.9425528],[23.58044577,37.93675172],[23.59676504,37.94372058],[23.58865356,37.9425528]],[[23.49855375,37.89698315],[23.49780762,37.89707613],[23.49683523,37.89635026],[23.49855375,37.89698315]],[[23.36348176,37.96955907],[23.36184633,37.97100675],[23.36127484,37.97092962],[23.36348176,37.96955907]],[[23.14212322,37.30260861],[23.14180767,37.30265737],[23.14106727,37.30240107],[23.14212322,37.30260861]],[[23.0680716,37.36059451],[23.06842852,37.36094976],[23.06852412,37.3613255],[23.0680716,37.36059451]],[[23.11634314,37.42823064],[23.11601567,37.42833054],[23.11582947,37.42804277],[23.11634314,37.42823064]],[[22.97441626,37.43116915],[22.99805915,37.43531656],[22.97329354,37.44249427],[22.96736181,37.43254936],[22.97441626,37.43116915]],[[22.93547285,37.49371564],[22.91084945,37.49987376],[22.91756308,37.48865414],[22.93547285,37.49371564]],[[22.86699355,37.50152504],[22.86696804,37.50211692],[22.86682987,37.50260472],[22.86699355,37.50152504]],[[22.87003398,37.50240135],[22.87598157,37.50604606],[22.86612213,37.5139302],[22.85426796,37.50825727],[22.87003398,37.50240135]],[[23.16318297,37.23207402],[23.15835822,37.2239573],[23.18006337,37.21530151],[23.16318297,37.23207402]],[[23.19041336,37.22504854],[23.19114971,37.22495031],[23.1917752,37.22500586],[23.19041336,37.22504854]],[[26.8136605,37.21500206],[26.81365967,37.21439004],[26.81374538,37.21384501],[26.8136605,37.21500206]],[[26.78228736,37.21393764],[26.77022386,37.21237385],[26.77703345,37.20693696],[26.76584184,37.20316637],[26.76597106,37.19489562],[26.78717351,37.20604885],[26.78228736,37.21393764]],[[26.81959164,37.20610225],[26.81919217,37.20563853],[26.81870318,37.20512557],[26.81959164,37.20610225]],[[27.54955685,37.20242751],[27.55067313,37.19834495],[27.55217874,37.19791067],[27.54955685,37.20242751]],[[26.81135035,37.19820785],[26.79446292,37.20081401],[26.80848372,37.19172835],[26.80211341,37.18651485],[26.77784824,37.19424415],[26.76473176,37.17276537],[26.79601514,37.16255271],[26.79825056,37.15068758],[26.82961166,37.15183985],[26.83107877,37.14509976],[26.80706024,37.13449991],[26.81011403,37.12171984],[26.82399583,37.11157286],[26.83758211,37.12462604],[26.86000252,37.12997735],[26.860816,37.11832786],[26.83086073,37.11059201],[26.84507644,37.09730101],[26.87644041,37.09720361],[26.87172806,37.10912573],[26.88817132,37.09764445],[26.89081716,37.11848175],[26.86015403,37.14534664],[26.87450612,37.15730834],[26.83571732,37.16240907],[26.8530395,37.16953015],[26.85697675,37.18826854],[26.8235743,37.19633985],[26.81749022,37.18788338],[26.81135035,37.19820785]],[[27.51903737,37.19688714],[27.52240872,37.19560373],[27.52288294,37.19585264],[27.51903737,37.19688714]],[[27.35501134,37.17692697],[27.35405004,37.17252207],[27.35674465,37.17327392],[27.35501134,37.17692697]],[[27.36160111,37.17368758],[27.3674947,37.16242695],[27.37920272,37.16330946],[27.36160111,37.17368758]],[[27.53188765,37.16521275],[27.50657642,37.15291464],[27.49518836,37.15697813],[27.48971736,37.14126337],[27.51707602,37.15036201],[27.5279808,37.14089084],[27.53554344,37.15164983],[27.53188765,37.16521275]],[[26.88492775,37.14107645],[26.88540995,37.14095676],[26.88583565,37.1410917],[26.88492775,37.14107645]],[[27.25657988,37.13340771],[27.25557947,37.13192046],[27.25707281,37.13119602],[27.25657988,37.13340771]],[[26.90765035,37.12000895],[26.90017855,37.11614847],[26.90985942,37.11393905],[26.90765035,37.12000895]],[[26.89019406,37.09717786],[26.88983858,37.0969789],[26.88960326,37.09659684],[26.89019406,37.09717786]],[[25.83556676,37.09516025],[25.84177041,37.10995507],[25.81943357,37.12449026],[25.83185053,37.12848473],[25.83044136,37.13618577],[25.81141067,37.13439775],[25.80639124,37.11794102],[25.79719055,37.11336696],[25.77734077,37.12383902],[25.79846585,37.09055901],[25.80393314,37.09745252],[25.82668746,37.08685195],[25.83556676,37.09516025]],[[26.88323295,37.09028971],[26.88351214,37.08984375],[26.88423216,37.08984375],[26.88323295,37.09028971]],[[27.23439825,37.08984375],[27.23250997,37.08942366],[27.23253465,37.08861363],[27.23439825,37.08984375]],[[27.21393442,37.08488381],[27.20856345,37.08984375],[27.20421696,37.08393323],[27.21393442,37.08488381]],[[25.70752895,37.08114076],[25.70717692,37.08170772],[25.70692647,37.08229744],[25.70752895,37.08114076]],[[26.88299215,37.07678545],[26.88427603,37.06800425],[26.91936636,37.05239975],[26.91241741,37.03762734],[26.94040132,37.04304171],[26.96719146,37.01592493],[26.9376018,37.01806545],[26.93920016,37.00291097],[26.92471194,36.98191452],[26.93413878,36.96976745],[26.90942454,36.95206285],[26.92964196,36.94679606],[26.94054616,36.92548573],[26.96285558,36.92510104],[26.96531022,36.93139243],[26.98589194,36.92494381],[26.98677552,36.95102215],[27.05679858,36.94853914],[27.03172326,36.95835876],[27.04685175,36.96959865],[27.03046131,36.97397685],[27.04099345,36.97553015],[27.04586518,36.99399388],[27.05421615,36.99503744],[27.03620422,37.01447225],[27.01566565,37.01279295],[27.00618994,37.00376165],[27.00755405,37.01671577],[26.97193074,37.04119217],[26.99381816,37.04119897],[26.97543263,37.05264497],[26.95071852,37.06531966],[26.95203996,37.05807793],[26.88964081,37.08032501],[26.88299215,37.07678545]],[[27.08065331,37.06647718],[27.0703125,37.06222093],[27.09213114,37.05479407],[27.10757208,37.05817521],[27.08065331,37.06647718]],[[27.20273066,37.04578996],[27.20323563,37.0457828],[27.20427644,37.04717433],[27.20273066,37.04578996]],[[27.21613193,37.00988996],[27.20505035,36.99622321],[27.2238785,37.00805068],[27.21613193,37.00988996]],[[27.18098116,37.00599217],[27.18032205,37.00618804],[27.17987025,37.00568807],[27.18098116,37.00599217]],[[27.19657385,36.99169314],[27.19907331,36.99151325],[27.19937158,36.99244165],[27.19657385,36.99169314]],[[27.22934175,36.98273826],[27.23266125,36.98158336],[27.23303795,36.98162317],[27.22934175,36.98273826]],[[27.1304636,36.95929062],[27.10714221,36.95496333],[27.12431431,36.93334806],[27.13347232,36.93244553],[27.13388503,36.92110825],[27.17923737,36.92117751],[27.15101576,36.93527186],[27.17235148,36.95264936],[27.15219188,36.95898414],[27.14182937,36.94921327],[27.14072883,36.95756245],[27.1304636,36.95929062]],[[27.30348062,36.95155466],[27.30478787,36.94988906],[27.30562484,36.94991076],[27.30348062,36.95155466]],[[28.15434766,36.94409168],[28.15598547,36.94385958],[28.15669334,36.94472826],[28.15434766,36.94409168]],[[26.03591776,36.9192723],[26.00691748,36.93803084],[25.99834895,36.93653023],[26.00215352,36.92672002],[25.97146821,36.92714453],[25.95486021,36.90917802],[25.97683871,36.90640342],[25.96880567,36.8965137],[25.90874362,36.86648881],[25.84377456,36.85173655],[25.83869982,36.83535552],[25.86556435,36.82948434],[25.84616613,36.82823777],[25.85229456,36.81782985],[25.84496415,36.81141257],[25.80846322,36.81432104],[25.78471422,36.80649054],[25.78965914,36.81344616],[25.78413415,36.81470394],[25.75652134,36.79037046],[25.74309182,36.79737735],[25.73994887,36.79272115],[25.75743484,36.77362335],[25.80470943,36.76741695],[25.82623446,36.78513515],[25.85846925,36.78467548],[25.87971997,36.79306614],[25.93351746,36.85102153],[25.94932127,36.85376072],[25.98382127,36.88327837],[26.05124021,36.90035212],[26.06496513,36.8918153],[26.08616555,36.89640605],[26.03591776,36.9192723]],[[26.9328202,36.9140625],[26.94278562,36.91136551],[26.94740033,36.9177016],[26.9328202,36.9140625]],[[27.27248502,36.91146922],[27.22934866,36.89300203],[27.16994464,36.89030385],[27.10461915,36.85748684],[27.07640851,36.85257733],[26.99114025,36.76984584],[26.96246636,36.77532387],[26.92182231,36.76433456],[26.91742253,36.71920514],[26.92365563,36.70462585],[26.95416856,36.67578626],[26.97398686,36.67223215],[26.96756804,36.70541716],[26.9845432,36.72139001],[26.97076106,36.73828125],[26.98380494,36.7519623],[27.03853762,36.76815033],[27.11223423,36.75769234],[27.17765975,36.81063211],[27.35627174,36.85856462],[27.33864856,36.89130855],[27.30863166,36.88632441],[27.28760421,36.89860678],[27.28114724,36.91453493],[27.27248502,36.91146922]],[[28.03435755,36.88564694],[28.0345422,36.88268673],[28.03502035,36.8827008],[28.03435755,36.88564694]],[[28.04230595,36.87355864],[28.04324985,36.8730942],[28.04370773,36.87320316],[28.04230595,36.87355864]],[[28.03659582,36.87147546],[28.0320996,36.86818373],[28.03316104,36.86815703],[28.03659582,36.87147546]],[[28.02676511,36.86806345],[28.02616334,36.86854136],[28.0181154,36.86816502],[28.02676511,36.86806345]],[[27.46030235,36.77210343],[27.46282446,36.77096677],[27.46479762,36.77117336],[27.46030235,36.77210343]],[[27.46750355,36.76975954],[27.46902454,36.76836908],[27.47021985,36.76844513],[27.46750355,36.76975954]],[[27.40638781,36.74026275],[27.4114325,36.73828125],[27.41249526,36.73828125],[27.40638781,36.74026275]],[[27.17696226,36.68345416],[27.17686975,36.68097258],[27.17668664,36.68071115],[27.17696226,36.68345416]],[[27.13653648,36.68170285],[27.12239456,36.66637635],[27.10366225,36.66531813],[27.11150885,36.63980007],[27.12409735,36.66690958],[27.14474785,36.66920733],[27.13653648,36.68170285]],[[27.13684571,36.66493428],[27.13582754,36.66417182],[27.13519013,36.66433871],[27.13684571,36.66493428]],[[27.81001294,36.6454854],[27.81082416,36.64540386],[27.81144524,36.64550817],[27.81001294,36.6454854]],[[27.83461571,36.64556897],[27.86445463,36.65108812],[27.85718298,36.65836],[27.86050475,36.66742384],[27.8324846,36.65826225],[27.83461571,36.64556897]],[[27.81991196,36.65568936],[27.81929457,36.65572965],[27.81897843,36.65550041],[27.81991196,36.65568936]],[[27.50974143,36.65501571],[27.51139176,36.65741825],[27.5120964,36.66128874],[27.50974143,36.65501571]],[[28.01182914,36.66822648],[28.01197851,36.66758156],[28.01256573,36.66691303],[28.01182914,36.66822648]],[[28.03428483,36.66679084],[28.02776706,36.6600157],[28.04382503,36.65067887],[28.04356205,36.66099143],[28.03428483,36.66679084]],[[28.03957117,36.67084467],[28.04060376,36.66861606],[28.04176915,36.6689949],[28.03957117,36.67084467]],[[28.05009103,36.64971793],[28.04908335,36.64831567],[28.05172312,36.64837515],[28.05009103,36.64971793]],[[27.81803143,36.63985205],[27.81293285,36.63086402],[27.79433346,36.62734675],[27.79768765,36.61271095],[27.78416681,36.60947716],[27.78414297,36.60228968],[27.76900995,36.60975802],[27.76526141,36.60305917],[27.7734375,36.60016727],[27.76652443,36.58340704],[27.81341362,36.58955383],[27.81488252,36.58046865],[27.79549885,36.56598544],[27.81600022,36.56469643],[27.82369816,36.57225394],[27.84367645,36.56375921],[27.84993851,36.55841207],[27.84653533,36.54864454],[27.83220673,36.55006766],[27.82812858,36.54058814],[27.85345697,36.5370419],[27.87647307,36.54855871],[27.87091732,36.55282736],[27.87790382,36.55572045],[27.86282551,36.56663465],[27.87325394,36.56703556],[27.87815976,36.57752323],[27.85962665,36.58246183],[27.87826765,36.58801126],[27.87140715,36.59842634],[27.88080311,36.59990203],[27.87935972,36.61743367],[27.85615897,36.61381686],[27.87183547,36.62035501],[27.87220788,36.6316303],[27.83912921,36.6160804],[27.83529532,36.62435424],[27.81641674,36.62224603],[27.83795774,36.6415807],[27.81803143,36.63985205]],[[28.05127525,36.62370014],[28.05371976,36.62335324],[28.05373681,36.6238929],[28.05127525,36.62370014]],[[28.05544615,36.61840475],[28.05328333,36.61440313],[28.05357087,36.61312425],[28.05544615,36.61840475]],[[26.47376072,36.53663385],[26.46055174,36.54395056],[26.4673351,36.53103042],[26.46118522,36.52706802],[26.47767687,36.53163922],[26.46967888,36.53110635],[26.47376072,36.53663385]],[[27.86020458,36.53044116],[27.85443115,36.51731884],[27.87567306,36.52144217],[27.86020458,36.53044116]],[[27.86580956,36.51661325],[27.86546731,36.51607204],[27.86561668,36.51526213],[27.86580956,36.51661325]],[[26.3654716,36.51614785],[26.34093642,36.53926265],[26.35902846,36.54301465],[26.35342646,36.54779208],[26.36130846,36.55572784],[26.35346854,36.56459606],[26.37028694,36.56130874],[26.36510575,36.57749033],[26.37490475,36.57137716],[26.39767623,36.57628882],[26.40584767,36.56871963],[26.40827012,36.57618988],[26.4197638,36.57203341],[26.42315471,36.58580863],[26.42706752,36.57472706],[26.43029475,36.58450901],[26.44846535,36.58989406],[26.45270157,36.57675207],[26.47466946,36.57926416],[26.46501875,36.59772885],[26.40178442,36.64109576],[26.38194394,36.64500213],[26.37101138,36.63681471],[26.37866735,36.62881911],[26.37449515,36.62287414],[26.38682616,36.61742306],[26.38189685,36.61280143],[26.41363275,36.62135911],[26.38950551,36.61022723],[26.40191722,36.58429253],[26.38167906,36.59513342],[26.37194026,36.58566535],[26.36347926,36.58804655],[26.35723376,36.57007587],[26.34289885,36.57008994],[26.33911312,36.58090782],[26.30680108,36.59571517],[26.29211915,36.59923852],[26.29048514,36.59204435],[26.28642488,36.59896791],[26.27911186,36.58620942],[26.27861202,36.59766126],[26.26535106,36.60149407],[26.25979924,36.58391833],[26.27322936,36.5625],[26.26169086,36.55553186],[26.2791208,36.54788232],[26.28928852,36.51568735],[26.30115604,36.51324356],[26.30450261,36.51939487],[26.32834685,36.50647306],[26.33967221,36.51331747],[26.3671875,36.5078125],[26.3654716,36.51614785]],[[26.97414815,36.50788736],[26.95986664,36.4971261],[26.97163928,36.49735296],[26.98285663,36.50876415],[26.97414815,36.50788736]],[[26.14502454,36.52791524],[26.14696705,36.56167603],[26.13182092,36.55342782],[26.14438951,36.54840517],[26.14502454,36.52791524]],[[24.14587975,36.54859316],[24.14691222,36.54864967],[24.14766204,36.54889286],[24.14587975,36.54859316]],[[26.22603345,36.54836524],[26.23366642,36.55613601],[26.22477531,36.56327605],[26.22603345,36.54836524]],[[26.26012504,36.57795775],[26.25996256,36.57830966],[26.25956845,36.57875657],[26.26012504,36.57795775]],[[24.94896424,36.59310496],[24.96016872,36.60424292],[24.94769847,36.61368775],[24.952847,36.62064016],[24.92789376,36.63621998],[24.90809631,36.6330955],[24.86190295,36.66618931],[24.83662045,36.65889347],[24.8593837,36.63155544],[24.89408755,36.63042426],[24.89501524,36.61533952],[24.91095245,36.59875071],[24.94896424,36.59310496]],[[24.31787062,36.63005733],[24.3181293,36.63060927],[24.31843483,36.63115931],[24.31787062,36.63005733]],[[24.33713734,36.65126061],[24.43451536,36.65852845],[24.44518602,36.66985857],[24.46490264,36.66648924],[24.47247481,36.65740323],[24.51500177,36.67475557],[24.52688241,36.67031145],[24.54858816,36.70247805],[24.53184414,36.74497068],[24.54845893,36.75585568],[24.52792251,36.76154435],[24.5287981,36.76844382],[24.51140487,36.76736867],[24.50519145,36.75488305],[24.46964908,36.74163568],[24.45327187,36.74723756],[24.45300043,36.75500727],[24.4444828,36.74897265],[24.42720532,36.75922012],[24.42856085,36.77370012],[24.41137135,36.77027965],[24.4123646,36.75423992],[24.40504015,36.75093675],[24.42807424,36.72380686],[24.45213485,36.72572422],[24.46983981,36.70770907],[24.44629753,36.68923926],[24.43173444,36.68994045],[24.42128241,36.70285666],[24.39552677,36.70497501],[24.39544952,36.73607862],[24.37205565,36.73149586],[24.35414362,36.75037503],[24.33975744,36.74364543],[24.34283972,36.73645568],[24.33393013,36.72977006],[24.33890712,36.72248912],[24.32456541,36.71465576],[24.33606386,36.70708156],[24.32564485,36.69459987],[24.331303,36.67789686],[24.31695962,36.66219056],[24.323264,36.64485121],[24.33713734,36.65126061]],[[23.09050918,36.75016403],[23.09063256,36.75110996],[23.09051085,36.75184691],[23.09050918,36.75016403]],[[24.24800944,36.77027464],[24.25376701,36.80172968],[24.22060931,36.80145586],[24.22204256,36.78082073],[24.24800944,36.77027464]],[[23.60408342,36.77019763],[23.60443223,36.77068496],[23.60444963,36.77143955],[23.60408342,36.77019763]],[[24.52079236,36.80376542],[24.53958023,36.77146173],[24.57272911,36.77622426],[24.58952296,36.79088604],[24.59269905,36.81537437],[24.6004858,36.81966615],[24.59582102,36.82191193],[24.60687268,36.82603514],[24.59286726,36.83730435],[24.58936155,36.8303529],[24.57457125,36.82996511],[24.55861914,36.84855771],[24.54616737,36.83312821],[24.51992643,36.82210624],[24.52079236,36.80376542]],[[23.89653337,36.83720923],[23.88951266,36.84754217],[23.87392175,36.84494805],[23.89653337,36.83720923]],[[25.43126893,36.84314334],[25.43200147,36.83619535],[25.41453445,36.83194351],[25.42270517,36.82187724],[25.45251441,36.81812334],[25.47591555,36.82596576],[25.48228121,36.84414363],[25.48163295,36.85278165],[25.47300494,36.85207808],[25.47742915,36.86413276],[25.46977353,36.86305904],[25.47537375,36.87132192],[25.43126893,36.84314334]],[[25.50190473,36.86754477],[25.52372468,36.86172688],[25.52219021,36.85214281],[25.52634478,36.85769975],[25.53793645,36.85206926],[25.543522,36.85746956],[25.53701365,36.86200845],[25.54639852,36.86831152],[25.53393435,36.86564076],[25.52362597,36.89458954],[25.49916375,36.87679613],[25.50190473,36.86754477]],[[25.60586095,36.88863134],[25.60932434,36.87810433],[25.63313007,36.88342714],[25.65079427,36.87340272],[25.68415451,36.87656164],[25.67259693,36.90127814],[25.64934194,36.90931666],[25.60586095,36.88863134]],[[25.57508016,36.89748144],[25.58001637,36.91124225],[25.59782946,36.91711795],[25.59749687,36.92516863],[25.55221081,36.90362954],[25.57508016,36.89748144]],[[24.72312021,36.89722657],[24.735255,36.90702343],[24.72054136,36.90521681],[24.72312021,36.89722657]],[[24.71016276,36.90534055],[24.7292608,36.91996038],[24.72725678,36.93021715],[24.73970127,36.92562008],[24.74946713,36.94433951],[24.75427008,36.93807912],[24.76151776,36.94479954],[24.76249945,36.95797455],[24.71902895,37.0002923],[24.70866561,37.01998735],[24.63640416,37.04096055],[24.64879811,37.03507423],[24.63739324,37.02392614],[24.65506673,37.02309752],[24.65227044,37.00993443],[24.66100657,37.00609446],[24.65459454,36.99759758],[24.67969871,36.99129701],[24.66570044,36.99083054],[24.65486646,36.97952092],[24.68029058,36.95549405],[24.68030536,36.93097937],[24.69311976,36.93068278],[24.6832689,36.92561698],[24.69672275,36.90641201],[24.70595956,36.90674973],[24.69883204,36.90304124],[24.71016276,36.90534055]],[[23.46820557,36.90609765],[23.46779895,36.91733634],[23.45016158,36.93189752],[23.45814824,36.90804303],[23.46820557,36.90609765]],[[25.06314552,37.04122615],[25.04596806,37.02108574],[25.02137124,37.01101995],[25.02511883,36.98536932],[25.01400244,36.98448515],[25.0404253,36.97200525],[25.07191086,36.93829823],[25.07644236,36.94714642],[25.06011856,36.97221255],[25.0746752,36.98369205],[25.08048093,37.03266323],[25.09183955,37.04740441],[25.07820034,37.05127525],[25.07544994,37.04144025],[25.06314552,37.04122615]],[[25.08077586,37.05093741],[25.08868253,37.04981852],[25.08322763,37.05842757],[25.09221411,37.06348205],[25.07674527,37.05787432],[25.08077586,37.05093741]],[[25.10665298,37.05915141],[25.09785414,37.01735675],[25.1171602,36.99205744],[25.13138735,36.99814665],[25.14239716,36.98439562],[25.18024087,36.97503376],[25.21017981,36.99296963],[25.22015142,36.98889422],[25.22153425,36.99790275],[25.24644887,37.00842917],[25.2522366,37.02793837],[25.2790693,37.04951954],[25.26681435,37.05175376],[25.27926135,37.06099021],[25.25581992,37.07969475],[25.26962507,37.09221494],[25.26557136,37.10224366],[25.2726351,37.11328125],[25.29340506,37.12563825],[25.27683318,37.13151824],[25.29509556,37.14321017],[25.28179193,37.15261376],[25.26642084,37.14548945],[25.26380837,37.15238452],[25.25693476,37.13975835],[25.26926994,37.13871408],[25.26764905,37.12931788],[25.26055503,37.13064682],[25.26432371,37.12371635],[25.2476083,37.12906504],[25.22564995,37.11917114],[25.21213162,37.12685931],[25.22261775,37.13216043],[25.22600007,37.14650786],[25.23392701,37.13991487],[25.23786473,37.14497983],[25.22502232,37.15571678],[25.22176373,37.14443171],[25.20525086,37.14381075],[25.15801775,37.12131155],[25.13003707,37.09450674],[25.15609467,37.08984375],[25.10665298,37.05915141]],[[25.09573746,37.07670021],[25.09535635,37.0767076],[25.09507942,37.07655585],[25.09573746,37.07670021]],[[24.49739087,37.10952437],[24.51841915,37.12204742],[24.51646423,37.14584875],[24.52666295,37.14048636],[24.52621913,37.13231063],[24.53259015,37.13798475],[24.53169847,37.12878454],[24.53966868,37.14437628],[24.53174281,37.14943361],[24.53461647,37.15871334],[24.52336061,37.16090775],[24.5347867,37.17946005],[24.52850413,37.18375635],[24.53480697,37.1854161],[24.53313732,37.19422066],[24.49051905,37.21017134],[24.48816025,37.20280361],[24.47244465,37.20505297],[24.47375214,37.19602394],[24.45832491,37.20124626],[24.4584316,37.18969226],[24.44426823,37.19289541],[24.44674051,37.18422997],[24.44069731,37.18602455],[24.44164705,37.17690432],[24.42751992,37.16859674],[24.43603444,37.16164803],[24.4210571,37.15777171],[24.42954314,37.14536536],[24.42446947,37.1407994],[24.43158007,37.13974297],[24.41081011,37.12389207],[24.43404365,37.12527704],[24.44090891,37.13514304],[24.44905555,37.12605214],[24.46075082,37.13751066],[24.45955193,37.12219906],[24.48583031,37.12549555],[24.49458933,37.11900437],[24.48257434,37.10913897],[24.49739087,37.10952437]],[[25.53582466,37.20333767],[25.49375367,37.18844736],[25.46201146,37.14902031],[25.43721223,37.13566101],[25.41300821,37.13535714],[25.39389706,37.11672771],[25.37327385,37.10930777],[25.37218797,37.09106803],[25.36183035,37.0867244],[25.34432614,37.09389925],[25.33410132,37.07624686],[25.34948444,37.07706368],[25.35346592,37.06380105],[25.37387228,37.04758143],[25.37864065,37.03750014],[25.36365712,37.02496397],[25.37695277,37.02170098],[25.39310932,36.99343431],[25.38412094,36.97505498],[25.39544225,36.9784615],[25.42423773,36.96735013],[25.42185926,36.93676066],[25.43570101,36.91905272],[25.44950712,36.9158653],[25.47039056,36.93649125],[25.48555398,36.93107164],[25.49138916,36.94682467],[25.50948465,36.95452607],[25.55088913,36.95798934],[25.56846583,37.01476455],[25.57868433,37.02333462],[25.58504546,37.07435763],[25.60643518,37.08460534],[25.59184015,37.08844531],[25.59997451,37.11568403],[25.58630025,37.14862788],[25.53582466,37.20333767]],[[26.76061463,37.18871582],[26.7658174,37.19264257],[26.76056623,37.19566047],[26.76061463,37.18871582]],[[26.75604844,37.18509972],[26.75638676,37.18473136],[26.75707221,37.18489742],[26.75604844,37.18509972]],[[25.69007635,37.09191656],[25.69373417,37.08733881],[25.68128502,37.08414638],[25.7013756,37.08085501],[25.69007635,37.09191656]],[[25.70182848,37.07267177],[25.70157635,37.07209325],[25.70126498,37.07155013],[25.70182848,37.07267177]],[[26.92643392,37.02967346],[26.92664182,37.02928925],[26.92871737,37.02930832],[26.92643392,37.02967346]],[[26.45460165,37.01629591],[26.45616353,37.01144886],[26.44126296,37.01188695],[26.44328165,37.00618386],[26.42815864,37.01244473],[26.42379534,37.00264955],[26.44150245,36.99831951],[26.41897082,36.99172652],[26.45370173,36.98994815],[26.44580245,36.99889851],[26.46271133,37.00447607],[26.47102058,37.00208914],[26.46185493,36.99915016],[26.46866322,36.99692345],[26.49766445,36.99771392],[26.49259508,37.00856054],[26.46465802,37.01034462],[26.45886385,37.02436137],[26.45460165,37.01629591]],[[26.90921116,37.01792932],[26.8840276,37.01179314],[26.91645372,36.99912941],[26.91796291,36.98984253],[26.92511523,37.00739467],[26.90921116,37.01792932]],[[26.30890715,36.98897374],[26.28274214,36.98303628],[26.27049196,36.98781884],[26.27600324,36.98280275],[26.26911378,36.97479784],[26.28860641,36.96990633],[26.31171048,36.98257732],[26.30890715,36.98897374]],[[26.32105875,36.98328733],[26.32142556,36.98325348],[26.32170355,36.98340833],[26.32105875,36.98328733]],[[26.90789127,36.97565985],[26.90765643,36.97543955],[26.90775955,36.97507882],[26.90789127,36.97565985]],[[25.64041388,36.98779964],[25.63973653,36.98813021],[25.63890231,36.98842323],[25.64041388,36.98779964]],[[26.88267755,37.00344884],[26.88321447,37.00352871],[26.88386762,37.00367355],[26.88267755,37.00344884]],[[26.36322296,36.99134076],[26.36365688,36.99154258],[26.3641113,36.99200785],[26.36322296,36.99134076]],[[26.38442147,36.99326706],[26.38530815,36.99260616],[26.38541555,36.99231005],[26.38442147,36.99326706]],[[25.60977447,36.95340395],[25.58772182,36.94087815],[25.59305155,36.93040657],[25.62520325,36.93602002],[25.62118077,36.94546425],[25.62703407,36.94697773],[25.60977447,36.95340395]],[[25.12130046,36.96762037],[25.12344992,36.97283971],[25.11282396,36.97483885],[25.12130046,36.96762037]],[[25.11552668,36.97487247],[25.11609662,36.97473335],[25.11653042,36.97496545],[25.11552668,36.97487247]],[[25.10913372,36.97691226],[25.10947156,36.97702444],[25.10985601,36.97701776],[25.10913372,36.97691226]],[[25.24273968,36.98945534],[25.24364555,36.99697947],[25.23581195,36.99167204],[25.24273968,36.98945534]],[[25.25815773,37.00710225],[25.25764632,37.00781071],[25.25701094,37.00740135],[25.25815773,37.00710225]],[[25.29953456,37.15415776],[25.29902124,37.15422034],[25.29869854,37.15410435],[25.29953456,37.15415776]],[[25.29094052,37.15359926],[25.29058695,37.15399265],[25.28980195,37.15360332],[25.29094052,37.15359926]],[[25.26745284,37.15456355],[25.26849842,37.15463674],[25.26926518,37.15489972],[25.26745284,37.15456355]],[[24.56214786,37.14513147],[24.56130862,37.14452517],[24.56091011,37.14467525],[24.56214786,37.14513147]],[[25.09830356,36.99657667],[25.09718394,36.99667776],[25.09682262,36.99649704],[25.09830356,36.99657667]],[[25.09581113,37.04489076],[25.09521306,37.0449506],[25.09476125,37.04441285],[25.09581113,37.04489076]],[[24.96786404,36.94874024],[24.96930075,36.95768213],[24.96244025,36.95854676],[24.95285034,36.94436955],[24.96786404,36.94874024]],[[24.98056603,36.95737338],[24.99418366,36.94941115],[24.99919796,36.9573251],[25.01800597,36.95438766],[25.03448331,36.96365285],[25.01585555,36.97443235],[25.00051916,36.96854305],[24.98402476,36.97678757],[24.97601604,36.96261334],[24.98056603,36.95737338]],[[25.01732504,36.97478592],[25.01728547,36.97460091],[25.02122617,36.97462642],[25.01732504,36.97478592]],[[25.60327864,36.91475987],[25.60331583,36.9140625],[25.60349631,36.9140625],[25.60327864,36.91475987]],[[25.90055764,36.88965166],[25.88550067,36.88662493],[25.93509281,36.88155842],[25.90055764,36.88965166]],[[25.89315927,36.88099146],[25.89153385,36.88119817],[25.89104486,36.88101435],[25.89315927,36.88099146]],[[25.69000685,36.88051546],[25.68876934,36.88107395],[25.68831205,36.88065445],[25.69000685,36.88051546]],[[25.63961554,36.87373531],[25.63950431,36.87411845],[25.63774824,36.8728826],[25.63961554,36.87373531]],[[25.62813425,36.87771654],[25.6281383,36.87816203],[25.62800896,36.87850475],[25.62813425,36.87771654]],[[25.63314474,36.87789047],[25.63353193,36.87776375],[25.63414347,36.87793565],[25.63314474,36.87789047]],[[25.62251174,36.86006117],[25.62327695,36.85994828],[25.62369633,36.86003852],[25.62251174,36.86006117]],[[25.54580057,36.85381722],[25.54629433,36.85381162],[25.54668462,36.85397434],[25.54580057,36.85381722]],[[25.48646355,36.8538959],[25.48662186,36.85422802],[25.48680127,36.85450566],[25.48646355,36.8538959]],[[25.51796067,36.84346426],[25.51800728,36.83680236],[25.52872074,36.84307921],[25.52015376,36.85187674],[25.51796067,36.84346426]],[[25.67231286,36.84779727],[25.67260885,36.84235334],[25.69394815,36.84478295],[25.67231286,36.84779727]],[[25.6708281,36.8421241],[25.65769684,36.84416354],[25.66801465,36.83221543],[25.67654896,36.84054172],[25.6708281,36.8421241]],[[25.52756274,36.83701706],[25.5269531,36.83753014],[25.52573645,36.8377645],[25.52756274,36.83701706]],[[25.79231465,36.81815433],[25.79268491,36.81802237],[25.79321575,36.81785881],[25.79231465,36.81815433]],[[25.7457664,36.81748235],[25.7396878,36.80869865],[25.74637365,36.79942608],[25.75244558,36.80613041],[25.7457664,36.81748235]],[[25.41018295,36.83021307],[25.40945113,36.83040571],[25.40912342,36.83010423],[25.41018295,36.83021307]],[[25.30291867,36.79166484],[25.27339673,36.78789914],[25.25935972,36.76825392],[25.26297474,36.74650335],[25.25575042,36.72696126],[25.24617815,36.72220135],[25.25799167,36.72459626],[25.25881827,36.71374798],[25.27064252,36.72711885],[25.26499224,36.71168137],[25.29355001,36.71429157],[25.28975117,36.70601916],[25.30063307,36.69293571],[25.31414652,36.68813121],[25.31965292,36.67587197],[25.32719696,36.67805457],[25.32573652,36.67121327],[25.33490312,36.67046022],[25.3380419,36.65617263],[25.35535073,36.64175403],[25.36916637,36.66011643],[25.38726711,36.64684343],[25.39204252,36.66225874],[25.38288963,36.66950536],[25.39483035,36.67108476],[25.38102877,36.68388224],[25.38931036,36.68761647],[25.38063252,36.69539595],[25.40311766,36.71579456],[25.38615727,36.73168302],[25.36315918,36.73788154],[25.36667681,36.7503314],[25.35860086,36.74450088],[25.33103514,36.75240076],[25.3297044,36.77501106],[25.30291867,36.79166484]],[[25.11602914,36.65154111],[25.14434648,36.67547977],[25.15471327,36.6758666],[25.18500638,36.71275115],[25.13970017,36.71595287],[25.09583473,36.69355643],[25.05970705,36.63654983],[25.07526493,36.63361394],[25.11602914,36.65154111]],[[25.05294144,36.63441491],[25.05141318,36.63451636],[25.05080402,36.63433611],[25.05294144,36.63441491]],[[25.67345393,36.63051915],[25.68377757,36.61876035],[25.69567084,36.62149191],[25.67345393,36.63051915]],[[25.01005542,36.6223191],[25.03107095,36.63394511],[25.01927638,36.63732314],[25.00683033,36.62929201],[25.01005542,36.6223191]],[[24.64780796,36.74402201],[24.66673195,36.75331533],[24.66049111,36.77888107],[24.61530721,36.79034281],[24.60636914,36.78354812],[24.61618066,36.75290596],[24.64780796,36.74402201]],[[24.57987714,36.76085103],[24.57932174,36.76091886],[24.57881892,36.76028764],[24.57987714,36.76085103]],[[24.60954487,36.76840353],[24.609375,36.76841521],[24.60913014,36.76836824],[24.60954487,36.76840353]],[[24.58446264,36.77352071],[24.58463621,36.77425134],[24.58476901,36.77485085],[24.58446264,36.77352071]],[[24.39229167,36.77886593],[24.39272273,36.77912986],[24.39305377,36.77940285],[24.39229167,36.77886593]],[[24.39990187,36.77920151],[24.40030885,36.77900255],[24.40078902,36.77902317],[24.39990187,36.77920151]],[[24.98599374,36.61063635],[24.98637521,36.61051905],[24.98695815,36.61054754],[24.98599374,36.61063635]],[[26.34213364,36.61529517],[26.33778596,36.61274385],[26.36330211,36.59195507],[26.35415363,36.61088312],[26.34213364,36.61529517]],[[24.95823503,36.60960615],[24.95767975,36.60969675],[24.95724356,36.60940981],[24.95823503,36.60960615]],[[27.79192984,36.62959087],[27.79235518,36.62927985],[27.79285967,36.62915373],[27.79192984,36.62959087]],[[27.16750395,36.61893785],[27.12773085,36.60827315],[27.12288332,36.57132947],[27.13420975,36.57209075],[27.1344105,36.56279004],[27.19335103,36.55662811],[27.21449876,36.58487022],[27.19065034,36.61827934],[27.16750395,36.61893785]],[[27.75957167,36.57907844],[27.76028526,36.57900906],[27.76148856,36.57918107],[27.75957167,36.57907844]],[[27.75085735,36.57076871],[27.75130105,36.57065022],[27.75171316,36.57075405],[27.75085735,36.57076871]],[[27.74613202,36.5678184],[27.74660492,36.56759524],[27.74729908,36.56778443],[27.74613202,36.5678184]],[[27.74662065,36.55958498],[27.74728286,36.55947065],[27.74812067,36.55954134],[27.74662065,36.55958498]],[[26.45534146,36.55651605],[26.4378618,36.54676461],[26.44926512,36.54533565],[26.45534146,36.55651605]],[[26.40935802,36.54573095],[26.40968132,36.54584086],[26.41012204,36.54596245],[26.40935802,36.54573095]],[[26.39862061,36.55881584],[26.39870846,36.55938292],[26.39852715,36.55993116],[26.39862061,36.55881584]],[[27.06305313,36.56843817],[27.06242895,36.56815064],[27.06188786,36.56762087],[27.06305313,36.56843817]],[[26.39984596,36.56816101],[26.39934957,36.56086814],[26.40644288,36.5625],[26.39984596,36.56816101]],[[27.03213358,36.59495497],[27.029495,36.58987963],[27.04332554,36.58010185],[27.04358137,36.59344757],[27.03213358,36.59495497]],[[26.44925642,36.54017735],[26.44967604,36.53980017],[26.45024025,36.53975391],[26.44925642,36.54017735]],[[26.45172644,36.53522384],[26.45210826,36.53514552],[26.45240235,36.53530347],[26.45172644,36.53522384]],[[27.84879124,36.52106476],[27.84943128,36.52092814],[27.85038924,36.52095175],[27.84879124,36.52106476]],[[25.91024756,36.81859195],[25.90888846,36.81866515],[25.90838802,36.8182857],[25.91024756,36.81859195]],[[26.92114401,36.88943577],[26.92077613,36.88953745],[26.92066884,36.88936806],[26.92114401,36.88943577]],[[26.16789627,36.90246582],[26.16721976,36.90267456],[26.16696453,36.90236437],[26.16789627,36.90246582]],[[26.16957498,36.90915358],[26.16975784,36.90969527],[26.1697638,36.91028595],[26.16957498,36.90915358]],[[26.93513632,36.93084991],[26.93544555,36.93056095],[26.93582976,36.93069077],[26.93513632,36.93084991]],[[27.09672618,36.95098722],[27.08953691,36.94542456],[27.09458947,36.93310165],[27.09672618,36.95098722]],[[27.05840647,36.95600724],[27.05801201,36.95615816],[27.05738115,36.95623636],[27.05840647,36.95600724]],[[27.06561995,37.08441424],[27.06525016,37.08466327],[27.06499696,37.08413756],[27.06561995,37.08441424]],[[25.83039212,37.12509894],[25.83027923,37.12472713],[25.83050716,37.12425828],[25.83039212,37.12509894]],[[27.28293395,36.48423374],[27.29092407,36.47775376],[27.30040252,36.48272431],[27.28293395,36.48423374]],[[27.34679556,36.47980094],[27.32921433,36.45721936],[27.30531633,36.46483195],[27.30766761,36.47318256],[27.29785538,36.46891701],[27.29263544,36.42425835],[27.31032395,36.42308271],[27.31937647,36.40632618],[27.32433224,36.42242777],[27.35387635,36.43230641],[27.36225545,36.39159703],[27.37277305,36.40201163],[27.38184142,36.38858688],[27.37896872,36.37747145],[27.38915217,36.38572383],[27.39263535,36.37459874],[27.40334475,36.38542044],[27.41109967,36.38046694],[27.44750166,36.39947951],[27.45131373,36.4065274],[27.43815148,36.41695285],[27.42771912,36.40164447],[27.40815854,36.41960227],[27.39823568,36.40947938],[27.38910222,36.41266024],[27.40056562,36.44153261],[27.39407754,36.434183],[27.38765037,36.43749523],[27.36013532,36.48141718],[27.34679556,36.47980094]],[[27.46565735,36.37463462],[27.45194221,36.35815835],[27.47076416,36.37774098],[27.46565735,36.37463462]],[[26.68051326,36.36059463],[26.65405905,36.35570908],[26.66717374,36.33988166],[26.66185617,36.34257305],[26.66096091,36.33551693],[26.67358005,36.32869256],[26.67804527,36.33613026],[26.68307722,36.32408142],[26.69829762,36.33987045],[26.68051326,36.36059463]],[[26.72948194,36.32448316],[26.73008621,36.32435763],[26.73069012,36.32458818],[26.72948194,36.32448316]],[[25.44591224,36.33308232],[25.48616946,36.36165404],[25.48032796,36.36961114],[25.48803556,36.37820673],[25.48733306,36.40775704],[25.42254496,36.47455168],[25.38190365,36.48164892],[25.36760735,36.47051024],[25.36922097,36.46013224],[25.41291153,36.45864081],[25.42302692,36.44595671],[25.41274774,36.42930496],[25.42358172,36.42674565],[25.43376577,36.39176786],[25.41300046,36.36197364],[25.37887073,36.36739767],[25.35419285,36.35774314],[25.3845427,36.34673107],[25.422809,36.34539461],[25.44591224,36.33308232]],[[25.35067797,36.38504815],[25.34877777,36.38548768],[25.34753573,36.38479853],[25.35067797,36.38504815]],[[25.38665581,36.39355564],[25.38027287,36.40200531],[25.37156725,36.39887345],[25.38665581,36.39355564]],[[25.39602196,36.39374995],[25.40609825,36.39625466],[25.41117346,36.40990365],[25.39100671,36.4161694],[25.38616204,36.39812434],[25.39602196,36.39374995]],[[25.35057175,36.41589356],[25.3468734,36.43258262],[25.35892975,36.44186044],[25.34296107,36.46013415],[25.32333636,36.43149376],[25.32374477,36.41917586],[25.35241747,36.40813053],[25.35057175,36.41589356]],[[26.61474538,36.42134607],[26.61542475,36.42078483],[26.61604333,36.42044365],[26.61474538,36.42134607]],[[26.60218215,36.41991055],[26.60190403,36.42035735],[26.60134172,36.42065346],[26.60218215,36.41991055]],[[25.75755274,36.39394414],[25.72601032,36.36618805],[25.73566341,36.35316396],[25.76952851,36.34150195],[25.82199967,36.35427904],[25.84336722,36.34414875],[25.85865891,36.35438013],[25.83062875,36.36058104],[25.82688725,36.37238944],[25.77983296,36.39279532],[25.76684666,36.40604007],[25.75755274,36.39394414]],[[25.79947734,36.3125844],[25.79918206,36.31210625],[25.79842484,36.31162381],[25.79947734,36.3125844]],[[26.74039066,36.30362284],[26.7360723,36.29856145],[26.74352562,36.29285455],[26.74039066,36.30362284]],[[26.76104605,36.29828405],[26.76188266,36.29817903],[26.76262176,36.29827178],[26.76104605,36.29828405]],[[26.74478173,36.29055846],[26.73791122,36.28416336],[26.75355017,36.28209352],[26.74478173,36.29055846]],[[27.70664644,36.28341937],[27.69380486,36.28046477],[27.68404734,36.26289618],[27.70866001,36.26911068],[27.70511126,36.25494254],[27.69441664,36.25745952],[27.70292318,36.24365377],[27.72497725,36.28105545],[27.70664644,36.28341937]],[[27.77092826,36.26504314],[27.77037024,36.26487064],[27.76975381,36.26459646],[27.77092826,36.26504314]],[[27.76622617,36.24397314],[27.76625514,36.24337423],[27.76677144,36.24289608],[27.76622617,36.24397314]],[[27.61867094,36.243505],[27.59761918,36.24828684],[27.55590391,36.23766005],[27.55380881,36.24312913],[27.51988888,36.23836768],[27.51836824,36.20766187],[27.55565643,36.21851945],[27.58103645,36.21619725],[27.57605076,36.2109375],[27.58110404,36.20552588],[27.58568156,36.21577442],[27.60484493,36.22216451],[27.61554682,36.21419132],[27.61347461,36.22307515],[27.62540615,36.22553575],[27.61867094,36.243505]],[[27.70476401,36.22454464],[27.70268726,36.21957481],[27.70982397,36.22356355],[27.70476401,36.22454464]],[[27.62791216,36.22263825],[27.62514532,36.21694708],[27.63262212,36.21717382],[27.62791216,36.22263825]],[[27.67524362,36.21643114],[27.67431486,36.21543407],[27.67407727,36.21484065],[27.67524362,36.21643114]],[[27.62003708,36.21491575],[27.61945558,36.21521711],[27.61884165,36.21493423],[27.62003708,36.21491575]],[[23.11186945,36.22612906],[23.10410166,36.22277701],[23.11665797,36.22004402],[23.11186945,36.22612906]],[[25.2153126,36.23760915],[25.20854187,36.23645484],[25.21497881,36.23165107],[25.2153126,36.23760915]],[[23.11958492,36.23681617],[23.11891615,36.23684823],[23.11814237,36.2367537],[23.11958492,36.23681617]],[[25.19984984,36.24317086],[25.21214104,36.24876034],[25.20446634,36.25937724],[25.19984984,36.24317086]],[[27.65221572,36.25119138],[27.65742362,36.26104105],[27.64880097,36.25931037],[27.65221572,36.25119138]],[[27.63833642,36.24897623],[27.63874996,36.24892116],[27.63926113,36.24906242],[27.63833642,36.24897623]],[[27.65606415,36.24904597],[27.65554035,36.24866414],[27.65510583,36.24803126],[27.65606415,36.24904597]],[[23.08089185,36.26251912],[23.08621895,36.26695514],[23.0797075,36.27521956],[23.08089185,36.26251912]],[[25.82299662,36.27156484],[25.8307023,36.26475894],[25.84032273,36.27326965],[25.82394207,36.27818084],[25.82299662,36.27156484]],[[25.88818765,36.27365386],[25.87738848,36.27240527],[25.88258946,36.26517832],[25.89777911,36.27504444],[25.88818765,36.27365386]],[[27.6769911,36.26548552],[27.67480886,36.26377738],[27.6753515,36.26342702],[27.6769911,36.26548552]],[[23.09642124,36.26429987],[23.09595716,36.26485348],[23.09545517,36.26520646],[23.09642124,36.26429987]],[[27.67182851,36.19798183],[27.67270315,36.19785655],[27.67374635,36.1978811],[27.67182851,36.19798183]],[[27.69156682,36.14026964],[27.69218814,36.13991213],[27.69283998,36.13993847],[27.69156682,36.14026964]],[[27.70096886,36.11033475],[27.70177364,36.11024642],[27.70263612,36.1104964],[27.70096886,36.11033475]],[[26.39138675,36.07926345],[26.40893257,36.06508076],[26.40603554,36.07751596],[26.39138675,36.07926345]],[[26.40427494,36.05653751],[26.40540004,36.05638325],[26.40612066,36.05650115],[26.40427494,36.05653751]],[[26.41089046,36.04413307],[26.41139936,36.04410744],[26.41184843,36.04450047],[26.41089046,36.04413307]],[[26.43482375,35.99986756],[26.43530595,35.99975884],[26.43586957,35.99989045],[26.43482375,35.99986756]],[[27.70260513,35.98835111],[27.70311987,35.98814118],[27.70392334,35.98815775],[27.70260513,35.98835111]],[[23.24866414,35.97685623],[23.24835336,35.97636044],[23.24787486,35.97593164],[23.24866414,35.97685623]],[[27.70106184,35.93422031],[27.70129931,35.93396366],[27.70151615,35.93421805],[27.70106184,35.93422031]],[[26.83497763,35.90848601],[26.83597004,35.90845716],[26.8368659,35.90889943],[26.83497763,35.90848601]],[[27.22692251,35.90617442],[27.21644378,35.90152717],[27.21523654,35.87827384],[27.18514466,35.85880995],[27.20273483,35.83989632],[27.23197818,35.83975887],[27.23221135,35.83019435],[27.23959446,35.82956505],[27.24140215,35.85189164],[27.23154986,35.87455392],[27.24140358,35.90134621],[27.22692251,35.90617442]],[[26.22433591,35.85547411],[26.23858035,35.86460066],[26.22866964,35.86581802],[26.22433591,35.85547411]],[[26.82521617,35.87335527],[26.82610655,35.87388825],[26.82709217,35.87421823],[26.82521617,35.87335527]],[[26.82349133,35.87908506],[26.82686996,35.89215946],[26.81806064,35.88860106],[26.81746125,35.89599144],[26.81319606,35.88797486],[26.82349133,35.87908506]],[[26.46030104,35.82721686],[26.46050036,35.82658005],[26.46094513,35.82605183],[26.46030104,35.82721686]],[[26.45784557,35.82523501],[26.45770943,35.82573414],[26.45746183,35.82608914],[26.45784557,35.82523501]],[[23.93167722,35.54308045],[23.92457175,35.52961361],[23.94060147,35.53862774],[23.93167722,35.54308045]],[[25.57646096,35.59893441],[25.57698822,35.59881306],[25.57744837,35.59886336],[25.57646096,35.59893441]],[[27.05434787,35.59908044],[27.05383384,35.59855998],[27.05395198,35.59747767],[27.05434787,35.59908044]],[[24.17780113,35.49988377],[24.17753196,35.49952745],[24.17754996,35.49908352],[24.17780113,35.49988377]],[[24.14971006,35.49102378],[24.14982975,35.49010336],[24.14998984,35.48946094],[24.14971006,35.49102378]],[[25.21024716,35.45686102],[25.18449283,35.44774425],[25.18477201,35.44115305],[25.19386375,35.44353795],[25.20030963,35.43554306],[25.20605946,35.44122386],[25.21222913,35.43253696],[25.22174156,35.43883574],[25.24070716,35.42354357],[25.24073947,35.44598544],[25.24965835,35.45103896],[25.21654797,35.46684873],[25.21024716,35.45686102]],[[26.910483,35.45742285],[26.91099012,35.45737135],[26.91143215,35.45748627],[26.910483,35.45742285]],[[26.90199757,35.45682776],[26.90119994,35.45619404],[26.89773786,35.45621252],[26.90199757,35.45682776]],[[26.88245547,35.44592476],[26.88261616,35.4455713],[26.88297105,35.44534814],[26.88245547,35.44592476]],[[26.85240746,35.44194496],[26.84038031,35.43653536],[26.87552857,35.43143523],[26.87184095,35.44349635],[26.85240746,35.44194496]],[[27.01239455,35.43727124],[27.01281905,35.43711853],[27.01311445,35.43722153],[27.01239455,35.43727124]],[[26.99911022,35.43395162],[26.93330038,35.4170953],[26.90318024,35.42197096],[26.88932753,35.40240836],[26.84847486,35.37157476],[26.84724176,35.34718907],[26.8827883,35.33891094],[26.90833771,35.36279106],[26.93160844,35.3628329],[26.95663714,35.39139783],[26.97443473,35.39134717],[27.00042331,35.40861154],[27.00295162,35.42588067],[27.01564145,35.43196595],[26.99911022,35.43395162]],[[26.1811403,35.33933973],[26.191962,35.34877074],[26.17855656,35.35574782],[26.15929377,35.33390212],[26.1811403,35.33933973]],[[26.18005347,35.35758615],[26.17991185,35.35817373],[26.17967033,35.35893965],[26.18005347,35.35758615]],[[26.82296395,35.35924852],[26.82322454,35.35877454],[26.82813084,35.35887754],[26.82296395,35.35924852]],[[26.83673775,35.35894096],[26.83675873,35.35840845],[26.83710062,35.35803688],[26.83673775,35.35894096]],[[26.17113233,35.37353826],[26.17692995,35.37449932],[26.17467475,35.38281012],[26.17113233,35.37353826]],[[26.8333292,35.42870796],[26.83411324,35.42895615],[26.83491731,35.42924821],[26.8333292,35.42870796]],[[26.8414855,35.43088663],[26.84216106,35.43083096],[26.84276152,35.43096018],[26.8414855,35.43088663]],[[25.27662265,35.43578255],[25.27542996,35.43589044],[25.27440548,35.43520331],[25.27662265,35.43578255]],[[26.17866421,35.3322978],[26.15513361,35.32466388],[26.18271124,35.32334316],[26.18957758,35.33060622],[26.17866421,35.3322978]],[[25.73826015,35.29567242],[25.73862708,35.29560578],[25.73898864,35.2956717],[25.73826015,35.29567242]],[[25.73670971,35.28090441],[25.74246347,35.27992165],[25.73538876,35.25744212],[25.75886536,35.25008476],[25.75206041,35.26195526],[25.75755525,35.27657044],[25.74947584,35.27482295],[25.75960267,35.28609622],[25.7404232,35.29461062],[25.73670971,35.28090441]],[[25.76048052,35.26072967],[25.76071346,35.26045752],[25.76096582,35.26053977],[25.76048052,35.26072967]],[[25.73114705,35.20175993],[25.73088264,35.20103908],[25.73059273,35.20036781],[25.73114705,35.20175993]],[[25.86487567,35.19379115],[25.85317385,35.18234611],[25.86288786,35.18260825],[25.87172556,35.1974653],[25.86487567,35.19379115]],[[25.90551424,35.18823481],[25.90533686,35.18563902],[25.90589094,35.18561757],[25.90551424,35.18823481]],[[25.76290274,35.12926734],[25.76311541,35.12892866],[25.76344144,35.12897956],[25.76290274,35.12926734]],[[26.33175588,35.27468765],[26.34013033,35.26661801],[26.35346675,35.27158666],[26.33330631,35.2821542],[26.33175588,35.27468765]],[[26.29352582,35.20353115],[26.29320121,35.20304024],[26.29314673,35.20242774],[26.29352582,35.20353115]],[[28.03655803,36.55789304],[28.03548145,36.55893564],[28.03475428,36.55600965],[28.03655803,36.55789304]],[[28.04127812,36.5625],[28.04040456,36.56330204],[28.03665066,36.56264162],[28.04127812,36.5625]],[[28.12984371,36.59924281],[28.12641191,36.60067904],[28.125,36.59905136],[28.12984371,36.59924281]],[[28.24741375,36.71208334],[28.24862266,36.7145648],[28.24314904,36.714311],[28.24741375,36.71208334]],[[28.04541695,36.68304706],[28.04488254,36.6832602],[28.04256678,36.68246758],[28.04541695,36.68304706]],[[27.99027026,36.70250475],[27.98795104,36.70477283],[27.98749948,36.70176291],[27.99027026,36.70250475]],[[27.99667025,36.70712543],[27.99742806,36.70793605],[27.99788654,36.70933175],[27.99667025,36.70712543]],[[28.03162742,36.72002625],[28.03342652,36.72645426],[28.01216185,36.71687305],[28.01479113,36.71186745],[28.03162742,36.72002625]],[[28.00255728,36.71923065],[28.00122488,36.72023428],[28.00015366,36.71778214],[28.00255728,36.71923065]],[[28.04556775,36.72536695],[28.06640303,36.73344946],[28.04718816,36.73431385],[28.05300868,36.73032725],[28.04556775,36.72536695]],[[27.96630681,36.75177026],[27.96255755,36.75258195],[27.96168697,36.75256944],[27.96630681,36.75177026]],[[28.06015718,36.76086664],[28.05683017,36.76136255],[28.05621636,36.75952017],[28.06015718,36.76086664]],[[28.125,36.76060271],[28.12666798,36.76020098],[28.1270653,36.76123726],[28.125,36.76060271]],[[28.03417933,36.76224351],[28.03373861,36.76231921],[28.0336982,36.76006305],[28.03417933,36.76224351]],[[27.75998342,36.75100303],[27.76470482,36.75308084],[27.75967753,36.75233841],[27.75998342,36.75100303]],[[27.7734375,36.75223207],[27.77468586,36.75207686],[27.77515852,36.75244296],[27.7734375,36.75223207]],[[27.79102027,36.75309503],[27.79051542,36.75109804],[27.79228485,36.75240445],[27.79102027,36.75309503]],[[27.80750632,36.76042485],[27.80713415,36.76057076],[27.80569994,36.76030374],[27.80750632,36.76042485]],[[28.15517795,36.93752408],[28.15327597,36.93459535],[28.15346873,36.93421304],[28.15517795,36.93752408]],[[28.19806075,36.96371186],[28.1896615,36.95792675],[28.2002145,36.95873916],[28.19806075,36.96371186]],[[27.47722113,36.95792365],[27.4929322,36.96832585],[27.48560166,36.97680366],[27.4244616,36.99647415],[27.44564664,36.97002041],[27.47722113,36.95792365]],[[27.38685656,36.99729717],[27.38691044,37.00082743],[27.38676846,37.00111091],[27.38685656,36.99729717]],[[27.59203756,36.97129941],[27.60187256,36.96654725],[27.588871,36.98021245],[27.59203756,36.97129941]],[[27.58138776,36.97852552],[27.58068454,36.97875273],[27.57867837,36.97862017],[27.58138776,36.97852552]],[[27.65753114,36.97798872],[27.65517986,36.98000562],[27.65538084,36.97910964],[27.65753114,36.97798872]],[[28.21030748,36.99142683],[28.20947528,36.99322104],[28.20632935,36.99315464],[28.21030748,36.99142683]],[[28.20964098,36.99842691],[28.20857513,36.9993273],[28.20669711,36.99883986],[28.20964098,36.99842691]],[[28.24211097,37.00179207],[28.24093473,37.00295424],[28.23808086,37.002514],[28.24211097,37.00179207]],[[27.36021137,37.01017427],[27.35982883,37.01057208],[27.35710013,37.00980485],[27.36021137,37.01017427]],[[27.3855077,37.137151],[27.38860357,37.13629866],[27.39493942,37.13964844],[27.3855077,37.137151]],[[27.47785807,37.12862182],[27.47650456,37.12634444],[27.47668827,37.12573636],[27.47785807,37.12862182]],[[27.46940291,37.11868143],[27.47236276,37.11816084],[27.47276902,37.11828613],[27.46940291,37.11868143]],[[27.56360555,37.24449468],[27.56360817,37.24682987],[27.56156516,37.24653101],[27.56360555,37.24449468]],[[27.55854487,37.25476766],[27.56060696,37.25324726],[27.56143987,37.25344956],[27.55854487,37.25476766]],[[27.41159976,37.41079772],[27.41161656,37.41340208],[27.41142964,37.41347647],[27.41159976,37.41079772]],[[27.18056822,37.56092095],[27.18156493,37.56013453],[27.18266475,37.56056905],[27.18056822,37.56092095]],[[27.01394892,38.04521108],[27.01383686,38.04550648],[27.01208627,38.04479933],[27.01394892,38.04521108]],[[26.80408907,38.15271497],[26.80386996,38.15320742],[26.80272114,38.15251148],[26.80408907,38.15271497]],[[26.80582976,38.16228366],[26.80560946,38.16263735],[26.80199754,38.1617285],[26.80582976,38.16228366]],[[26.77219415,38.19920826],[26.77186537,38.19965506],[26.76894975,38.20092106],[26.77219415,38.19920826]],[[26.44717073,38.36264467],[26.45782256,38.36031842],[26.45374513,38.36830354],[26.44717073,38.36264467]],[[26.49030685,38.40378416],[26.49186218,38.40373313],[26.49287546,38.40469873],[26.49030685,38.40378416]],[[26.71147835,38.67521083],[26.71125805,38.67461681],[26.71258903,38.67326784],[26.71147835,38.67521083]],[[26.72348976,38.67499065],[26.72482371,38.671875],[26.72516787,38.671875],[26.72348976,38.67499065]],[[26.51106727,38.65683174],[26.5120331,38.65655374],[26.51449144,38.65683162],[26.51106727,38.65683174]],[[26.52253234,38.65210044],[26.52495158,38.65049803],[26.52670264,38.64985383],[26.52253234,38.65210044]],[[26.82061493,38.54859471],[26.81423986,38.54395163],[26.82538295,38.53150725],[26.82061493,38.54859471]],[[26.85802245,38.53475761],[26.85850251,38.53325844],[26.86339045,38.53315306],[26.85802245,38.53475761]],[[26.85425544,38.53342807],[26.85054946,38.53424728],[26.84926975,38.53412425],[26.85425544,38.53342807]],[[26.72718465,38.53228235],[26.69731903,38.54675615],[26.70620012,38.53567111],[26.69488013,38.51941252],[26.69449973,38.4792459],[26.72724128,38.47197974],[26.72155225,38.46042192],[26.74227452,38.45869315],[26.74948752,38.48105586],[26.74490428,38.4924854],[26.73160076,38.49564564],[26.73510301,38.51466477],[26.72718465,38.53228235]],[[26.75903356,38.43872738],[26.77553904,38.44008934],[26.77304387,38.45321465],[26.75974155,38.45322096],[26.75903356,38.43872738]],[[26.9244107,38.44566417],[26.92704678,38.44480205],[26.92770863,38.44515181],[26.9244107,38.44566417]],[[26.67454338,38.33015466],[26.67439926,38.32938504],[26.67683446,38.33024955],[26.67454338,38.33015466]],[[26.78175592,38.41483223],[26.78300345,38.41450393],[26.78541255,38.41492414],[26.78175592,38.41483223]],[[26.79535997,38.41520214],[26.79375517,38.40653825],[26.79938161,38.40795493],[26.79535997,38.41520214]],[[26.7699511,38.41028035],[26.76883566,38.41048706],[26.76806462,38.40992928],[26.7699511,38.41028035]],[[26.78589642,38.39763558],[26.78418398,38.39578843],[26.78389466,38.39505506],[26.78589642,38.39763558]],[[26.78361607,38.36702144],[26.78436434,38.36700416],[26.78802955,38.3703258],[26.78361607,38.36702144]],[[26.97368371,38.44211805],[26.97290564,38.44234765],[26.97138154,38.44065726],[26.97368371,38.44211805]],[[26.73998892,40.61809373],[26.73132944,40.61427033],[26.73746192,40.61104691],[26.73998892,40.61809373]],[[26.75507677,40.61849666],[26.75674677,40.61845446],[26.75828338,40.61959767],[26.75507677,40.61849666]]]]},"geometry_name":"the_geom","properties":{"name":"Aegean Sea","id":"28h","longitude":25.17461340306,"latitude":37.85235867512,"min_x":22.53159654165,"min_y":35.10948944128,"max_x":28.33056116127,"max_y":41.09132552156,"area":191305,"mrgid":3315}}],"totalFeatures":2,"numberMatched":2,"numberReturned":2,"timeStamp":"2026-09-27T22:16:41.535Z","crs":{"type":"name","properties":{"name":"urn:ogc:def:crs:EPSG::4326"}}}